"Name","Instance Count","Size (bytes)"
"byte[ ]",93239,7430424
"java.lang.String",86608,2078592
"java.util.concurrent.ConcurrentHashMap$Node",34369,1099808
"java.lang.Object",17935,286960
"java.lang.Object[ ]",15473,836000
"java.util.LinkedHashMap$Entry",12216,488640
"java.util.HashMap$Node",11455,366560
"java.lang.reflect.Method",10839,953832
"java.lang.Class",10436,1242320
"java.lang.Class[ ]",9928,255696
"java.net.URL",8254,528256
"java.lang.StackTraceElement",7805,374640
"jdk.internal.vm.FillerArray",7720,4709792
"java.lang.Integer",6271,100336
"java.util.HashMap$Node[ ]",6046,475768
"java.util.LinkedHashMap",5602,358528
"java.util.ArrayList",3765,90360
"int[ ]",3419,932328
"java.lang.invoke.MemberName",3382,162336
"java.lang.invoke.MethodType$ConcurrentWeakInternSet$WeakEntry",3173,101536
"java.util.HashMap",3038,145824
"java.lang.String[ ]",2790,103272
"java.lang.invoke.LambdaForm$Name",2742,87744
"java.lang.ref.SoftReference",2653,106120
"java.util.concurrent.locks.ReentrantLock$NonfairSync",2543,81376
"java.lang.invoke.MethodType",2506,100240
"java.lang.invoke.ResolvedMethodName",2291,54984
"sun.util.locale.LocaleObjectCache$CacheEntry",2091,83640
"java.util.concurrent.locks.ReentrantLock",1707,27312
"org.springframework.core.ResolvableType",1653,92568
"java.util.concurrent.locks.AbstractQueuedSynchronizer$ConditionObject",1565,37560
"java.util.ArrayList$Itr",1539,49248
"java.lang.ref.ReferenceQueue",1526,48832
"java.util.HashSet",1494,23904
"java.lang.reflect.Field",1481,106632
"java.util.jar.Attributes$Name",1308,31392
"java.lang.reflect.Method[ ]",1280,73688
"java.util.LinkedHashSet",1244,19904
"char[ ]",1228,274280
"java.util.concurrent.ConcurrentHashMap",1205,77120
"sun.reflect.annotation.AnnotationInvocationHandler",1197,28728
"jdk.internal.ref.CleanerImpl$PhantomCleanableRef",1191,57168
"java.util.Locale",1063,34016
"sun.util.locale.BaseLocale",1063,34016
"java.lang.Class$ReflectionData",1062,67968
"java.util.concurrent.ConcurrentLinkedDeque$Node",1054,25296
"sun.util.locale.BaseLocale$Key",1044,33408
"java.nio.HeapByteBuffer",931,52136
"java.lang.invoke.BoundMethodHandle$Species_LL",924,36960
"java.lang.StringBuilder",898,21552
"java.lang.invoke.DirectMethodHandle",892,35680
"java.util.concurrent.atomic.AtomicInteger",884,14144
"sun.reflect.generics.tree.TypeArgument[ ]",870,15960
"sun.reflect.generics.tree.SimpleClassTypeSignature",866,20784
"java.util.LinkedHashMap$LinkedKeySet",850,20400
"sun.reflect.generics.tree.ClassTypeSignature",849,13584
"java.util.LinkedHashMap$LinkedValues",846,20304
"java.util.concurrent.CopyOnWriteArrayList",839,20136
"java.lang.reflect.Type[ ]",824,19896
"java.lang.module.ModuleDescriptor$Exports",750,18000
"java.security.Provider$ServiceKey",706,16944
"java.lang.invoke.LambdaForm$NamedFunction",681,16344
"java.lang.Long",679,16296
"org.springframework.util.ConcurrentReferenceHashMap$Reference[ ]",679,26512
"org.springframework.util.ConcurrentReferenceHashMap$ReferenceManager",672,16128
"org.springframework.util.ConcurrentReferenceHashMap$Segment",672,26880
"java.lang.ref.SoftReference[ ]",660,50160
"java.util.WeakHashMap$Entry[ ]",660,53856
"java.lang.reflect.Constructor",645,46440
"java.lang.invoke.DirectMethodHandle$Constructor",630,30240
"java.lang.invoke.LambdaForm$Name[ ]",629,32312
"java.util.ArrayDeque",629,15096
"java.lang.Class$AnnotationData",628,15072
"java.util.WeakHashMap",625,30000
"java.lang.invoke.LambdaForm",623,29904
"java.util.Collections$SetFromMap",610,14640
"java.lang.StackTraceElement[ ]",602,41872
"java.util.WeakHashMap$KeySet",590,9440
"java.lang.ref.WeakReference",549,17568
"org.springframework.core.ResolvableType$DefaultVariableResolver",549,8784
"java.lang.ThreadLocal$ThreadLocalMap$Entry",524,16768
"org.springframework.core.convert.converter.GenericConverter$ConvertiblePair",514,12336
"java.util.concurrent.ConcurrentHashMap$Node[ ]",512,329728
"org.springframework.core.ResolvableType[ ]",508,12264
"jdk.internal.org.objectweb.asm.SymbolTable$Entry",498,27888
"java.util.TreeMap$Entry",495,19800
"java.util.jar.Attributes",495,7920
"org.springframework.core.annotation.TypeMappedAnnotation",491,27496
"java.lang.Double",490,11760
"org.apache.tomcat.util.http.ValuesEnumerator",490,15680
"java.util.ImmutableCollections$Set12",474,11376
"java.util.concurrent.ConcurrentLinkedDeque",470,11280
"org.springframework.core.convert.support.GenericConversionService$ConvertersForPair",470,7520
"java.lang.Package",468,14976
"java.nio.HeapCharBuffer",434,24304
"java.lang.CharSequence[ ]",429,11968
"java.util.concurrent.CopyOnWriteArraySet",423,6768
"java.lang.reflect.Constructor[ ]",417,9712
"org.springframework.beans.factory.support.MethodOverrides",415,6640
"org.springframework.util.ConcurrentReferenceHashMap$SoftEntryReference",414,19872
"java.lang.invoke.MethodTypeForm",410,13120
"java.math.BigInteger",410,16400
"org.springframework.util.ConcurrentReferenceHashMap$Entry",407,9768
"java.lang.invoke.BoundMethodHandle$Species_L",394,15760
"java.util.TreeMap$KeyIterator",391,12512
"ch.qos.logback.classic.Logger",379,18192
"org.apache.commons.logging.LogAdapter$Slf4jLocationAwareLog",376,9024
"org.springframework.beans.factory.annotation.InjectionMetadata",374,8976
"java.lang.Package$VersionInfo",370,14800
"java.lang.management.MemoryUsage",360,17280
"jdk.internal.reflect.DirectConstructorHandleAccessor",357,8568
"java.time.LocalDateTime",350,8400
"java.lang.reflect.Field[ ]",347,11976
"java.lang.module.ModuleDescriptor$Requires",344,11008
"org.springframework.http.MediaType",343,10976
"com.google.gson.internal.LinkedTreeMap$Node",305,14640
"long[ ]",303,63416
"org.springframework.boot.autoconfigure.condition.ConditionEvaluationReport$ConditionAndOutcome",298,7152
"org.springframework.boot.autoconfigure.condition.ConditionMessage",298,4768
"org.springframework.boot.autoconfigure.condition.ConditionOutcome",298,7152
"java.lang.invoke.LambdaFormEditor$Transform",296,14208
"java.util.ImmutableCollections$SetN",296,7104
"java.util.zip.ZipFile$CleanableResource",296,9472
"org.springframework.boot.loader.jar.NestedJarFileResources",292,9344
"org.springframework.boot.loader.net.protocol.jar.UrlJarFiles$$Lambda.0x0000000800115220",292,4672
"org.springframework.boot.loader.net.protocol.jar.UrlJarManifest",292,7008
"org.springframework.boot.loader.net.protocol.jar.UrlNestedJarFile",292,28032
"org.springframework.boot.loader.net.protocol.jar.UrlNestedJarFile$$Lambda.0x00000008001863e0",292,4672
"java.util.ImmutableCollections$ListItr",291,9312
"org.springframework.boot.context.properties.source.ConfigurationPropertyName",289,9248
"org.springframework.boot.context.properties.source.ConfigurationPropertyName$Elements",289,11560
"java.lang.Byte",285,4560
"org.springframework.web.util.pattern.PathPattern$MatchingContext",282,13536
"sun.reflect.generics.factory.CoreReflectionFactory",272,6528
"java.security.Provider$Service",267,17088
"org.springframework.core.SerializableTypeWrapper$MethodParameterTypeProvider",266,8512
"sun.security.util.KnownOIDs",264,10560
"javax.management.ImmutableDescriptor",262,6288
"jdk.proxy2.$Proxy38",258,4128
"org.springframework.boot.autoconfigure.condition.ConditionEvaluationReport$ConditionAndOutcomes",258,4128
"java.lang.Short",256,4096
"java.util.Hashtable$Entry",252,8064
"org.springframework.boot.loader.zip.FileDataBlock",251,8032
"org.springframework.http.MediaType$$Lambda.0x0000000800667398",250,4000
"org.springframework.boot.loader.net.protocol.nested.NestedUrlConnectionResources",249,7968
"org.springframework.core.annotation.AnnotationTypeMappings[ ]",248,6536
"java.security.Provider$UString",247,5928
"java.util.Collections$UnmodifiableMap",246,7872
"java.util.HashMap$EntrySet",246,3936
"org.springframework.core.annotation.MergedAnnotation[ ]",246,6488
"org.springframework.core.annotation.MergedAnnotationsCollection",246,5904
"java.io.SerialCallbackContext",245,5880
"java.util.WeakHashMap$Entry",239,9560
"org.springframework.core.MethodParameter",238,15232
"java.lang.ThreadLocal$ThreadLocalMap$Entry[ ]",237,19216
"java.util.logging.LogManager$LoggerWeakRef",236,11328
"java.lang.ThreadLocal$ThreadLocalMap",235,5640
"sun.reflect.generics.tree.FormalTypeParameter[ ]",228,4120
"sun.reflect.generics.reflectiveObjects.ParameterizedTypeImpl",224,5376
"jdk.internal.loader.AbstractClassLoaderValue$Sub",217,5208
"java.lang.PublicMethods$MethodList",214,5136
"java.util.concurrent.locks.AbstractQueuedSynchronizer$ConditionNode",214,6848
"org.springframework.core.type.classreading.SimpleMethodMetadata",214,8560
"org.springframework.core.type.classreading.SimpleMethodMetadataReadingVisitor$Source",214,6848
"sun.nio.fs.UnixPath",212,6784
"sun.security.pkcs11.SunPKCS11$Descriptor",208,8320
"java.util.concurrent.atomic.AtomicReference",207,3312
"org.springframework.context.annotation.ConfigurationClassBeanDefinitionReader$ConfigurationClassBeanDefinition",204,39168
"sun.reflect.generics.scope.ClassScope",204,4896
"java.util.LinkedList$Node",202,4848
"jdk.internal.reflect.DirectMethodHandleAccessor",202,6464
"java.util.concurrent.atomic.AtomicReferenceArray",200,3200
"org.springframework.beans.MutablePropertyValues",200,4800
"java.util.ImmutableCollections$List12",199,4776
"java.util.logging.LogManager$LogNode",198,6336
"java.util.zip.Inflater",197,12608
"java.util.zip.Inflater$InflaterZStreamRef",197,4728
"org.springframework.boot.context.properties.source.ConfigurationPropertyName$ElementType[ ]",196,7800
"java.util.LinkedHashMap$LinkedKeyIterator",195,6240
"java.util.StringJoiner",193,7720
"org.springframework.beans.BeanMetadataAttribute",192,4608
"org.springframework.core.convert.support.GenericConversionService$ConverterAdapter",192,6144
"jdk.internal.module.ServicesCatalog$ServiceProvider",189,4536
"sun.reflect.generics.tree.FieldTypeSignature[ ]",188,3952
"java.lang.reflect.TypeVariable[ ]",185,3592
"java.time.LocalDate",185,4440
"java.lang.PublicMethods$Key",182,4368
"java.security.CodeSource",181,7240
"org.springframework.boot.loader.zip.ZipCentralDirectoryFileHeaderRecord",178,9968
"com.fasterxml.jackson.databind.type.ClassKey",177,4248
"java.lang.invoke.LambdaFormEditor",172,2752
"com.sun.jmx.mbeanserver.MXBeanMapping[ ]",170,3392
"java.lang.invoke.LambdaFormEditor$TransformKey",170,4080
"java.io.ByteArrayOutputStream",168,4032
"com.jprofiler.agent.util.a.a.b.h$m",164,10496
"org.springframework.util.LinkedCaseInsensitiveMap",160,6400
"org.springframework.util.LinkedCaseInsensitiveMap$1",160,10240
"com.sun.jmx.mbeanserver.ConvertingMethod",159,5088
"javax.management.ObjectName$Property[ ]",159,4512
"sun.reflect.generics.repository.ClassRepository",159,5088
"sun.reflect.generics.tree.ClassSignature",159,3816
"sun.reflect.generics.tree.ClassTypeSignature[ ]",159,3640
"java.io.ObjectStreamField",156,6240
"com.google.gson.JsonPrimitive",155,2480
"java.util.jar.Manifest",155,3720
"com.jprofiler.agent.probe.structures.n",153,7344
"javax.management.ObjectName$Property",153,3672
"boolean[ ]",152,13568
"java.io.StringReader",150,6000
"java.util.HashMap$KeySet",149,2384
"java.util.Arrays$ArrayList",148,3552
"org.springframework.boot.loader.jar.ManifestInfo",147,3528
"org.springframework.boot.loader.zip.ZipContent",147,11760
"org.springframework.boot.loader.zip.ZipContent$Source",147,3528
"java.util.Collections$UnmodifiableRandomAccessList",146,3504
"jdk.internal.loader.URLClassPath$Loader",146,3504
"org.springframework.boot.loader.net.protocol.nested.NestedLocation",146,3504
"java.lang.annotation.Annotation[ ]",145,3456
"org.springframework.core.annotation.TypeMappedAnnotations",143,6864
"java.net.URI",141,11280
"java.lang.module.ModuleDescriptor",140,8960
"java.util.TreeMap",139,6672
"jdk.internal.module.ModuleReferenceImpl",138,7728
"jdk.internal.module.SystemModuleFinders$2",138,3312
"java.lang.invoke.MethodHandle[ ]",136,25024
"java.util.Collections$1",136,3264
"java.util.stream.ReferencePipeline$Head",136,7616
"com.fasterxml.jackson.databind.ser.DefaultSerializerProvider$Impl",134,9648
"java.util.ImmutableCollections$ListN",130,3120
"jdk.internal.module.SystemModuleFinders$3",130,2080
"java.util.concurrent.ConcurrentHashMap$KeyIterator",129,7224
"java.lang.Character",128,2048
"java.lang.module.ModuleDescriptor$Provides",126,3024
"short[ ]",126,9952
"java.util.Collections$UnmodifiableSet",122,1952
"java.util.concurrent.CopyOnWriteArrayList$COWIterator",122,2928
"org.springframework.context.annotation.BeanMethod",122,2928
"org.springframework.beans.factory.support.RootBeanDefinition",121,21296
"com.fasterxml.jackson.databind.JavaType[ ]",120,2872
"jdk.proxy2.$Proxy30",120,1920
"org.springframework.beans.factory.support.ConstructorResolver$ConstructorDependencyDescriptor",119,8568
"java.lang.reflect.Parameter",117,4680
"org.springframework.core.annotation.AnnotationTypeMapping$MirrorSets$MirrorSet[ ]",115,3216
"java.lang.invoke.BoundMethodHandle$Species_LLL",114,5472
"java.lang.invoke.DirectMethodHandle$StaticAccessor",114,6384
"org.springframework.boot.loader.jar.NestedJarFile$NestedJarEntry",114,12768
"org.springframework.boot.loader.zip.ZipContent$Entry",114,3648
"java.security.Principal[ ]",112,1792
"java.security.ProtectionDomain",112,4480
"java.security.ProtectionDomain$Key",112,1792
"java.security.SecureClassLoader$CodeSourceKey",112,1792
"java.lang.Module",109,6104
"jdk.internal.org.objectweb.asm.Label",109,6104
"org.springframework.core.annotation.AnnotationTypeMapping",109,7848
"org.springframework.core.annotation.AnnotationTypeMapping$MirrorSets",109,2616
"org.springframework.core.annotation.AnnotationTypeMapping[ ]",109,2904
"java.util.LinkedHashMap$LinkedValueIterator",107,3424
"java.util.Collections$SingletonList",106,2544
"java.util.logging.Logger$ConfigurationData",106,4240
"org.springframework.core.io.ClassPathResource",106,3392
"java.util.logging.Logger",105,5880
"char[ ][ ]",103,2472
"org.springframework.boot.loader.net.protocol.jar.JarUrlConnection$ConnectionInputStream",102,2448
"com.google.gson.JsonObject",100,1600
"com.google.gson.internal.LinkedTreeMap",100,5600
"org.springframework.web.context.request.ServletWebRequest",99,3960
"org.springframework.http.server.DefaultPathContainer$DefaultPathSegment",94,2256
"org.springframework.web.context.request.ServletRequestAttributes",94,3760
"com.sun.management.internal.DiagnosticCommandArgumentInfo",93,3720
"java.util.LinkedHashMap$LinkedEntrySet",93,2232
"org.springframework.util.MultiValueMapAdapter",92,1472
"java.util.concurrent.atomic.AtomicLong",91,2184
"java.lang.invoke.MethodHandleImpl$AsVarargsCollector",90,4320
"java.util.concurrent.atomic.AtomicBoolean",89,1424
"org.springframework.expression.common.LiteralExpression",89,1424
"java.lang.invoke.MethodHandleNatives$CallSiteContext",88,2816
"java.util.regex.Pattern$BmpCharProperty",88,2112
"java.io.ObjectStreamClass",87,10440
"org.springframework.core.type.classreading.SimpleAnnotationMetadata",86,4816
"org.springframework.core.type.classreading.SimpleAnnotationMetadataReadingVisitor$Source",86,1376
"java.util.HashMap$KeyIterator",84,2688
"org.springframework.cglib.core.Signature",83,1992
"org.springframework.core.annotation.AnnotationTypeMappings$Cache$$Lambda.0x000000080067c3e8",83,1992
"org.springframework.core.convert.TypeDescriptor",83,1992
"org.springframework.web.servlet.mvc.method.annotation.RequestMappingHandlerAdapter$$Lambda.0x000000080067a860",83,1328
"java.util.stream.Collectors$CollectorImpl",82,2624
"org.springframework.beans.factory.annotation.AnnotatedGenericBeanDefinition",82,9840
"org.springframework.context.annotation.ConfigurationClass",79,3792
"java.util.ResourceBundle$KeyElementReference",78,2496
"java.util.stream.ReduceOps$3",78,2496
"java.util.stream.ReduceOps$3ReducingSink",78,2496
"org.apache.juli.logging.DirectJDKLog",78,1248
"com.jprofiler.agent.util.a.b.aa",77,5544
"org.apache.tomcat.util.buf.ByteChunk",76,3648
"javax.management.ObjectName",75,2400
"com.fasterxml.jackson.databind.util.internal.PrivateMaxEntriesMap$Node",74,2368
"com.fasterxml.jackson.databind.util.internal.PrivateMaxEntriesMap$WeightedValue",74,1776
"java.lang.annotation.ElementType[ ]",73,1944
"java.lang.invoke.Invokers",73,1752
"jdk.internal.org.objectweb.asm.ByteVector",72,1728
"jdk.proxy1.$Proxy0",72,1152
"java.security.Permissions",71,1704
"java.util.Hashtable",71,3408
"java.util.Hashtable$Entry[ ]",71,5160
"jdk.proxy1.$Proxy4",71,1136
"org.springframework.web.method.HandlerMethod",71,4544
"java.lang.reflect.Parameter[ ]",70,1800
"sun.reflect.generics.tree.FormalTypeParameter",70,1680
"java.lang.RuntimePermission",69,1656
"java.util.stream.Collectors$$Lambda.0x00000008000efe08",69,1656
"java.util.stream.ReferencePipeline$3",69,3864
"java.util.stream.ReferencePipeline$3$1",69,1656
"org.springframework.http.HttpStatus",69,2760
"sun.reflect.generics.reflectiveObjects.TypeVariableImpl",69,2208
"sun.reflect.generics.tree.MethodTypeSignature",69,2208
"sun.reflect.generics.tree.TypeSignature[ ]",69,1624
"com.sun.jmx.mbeanserver.PerInterface$MethodAndSig",68,1632
"java.lang.invoke.LambdaForm$Kind",68,2176
"javax.management.MBeanAttributeInfo",68,2176
"java.lang.invoke.BoundMethodHandle$Species_LLLLL",67,3752
"java.util.Spliterators$ArraySpliterator",66,2640
"jdk.proxy1.$Proxy5",66,1056
"org.springframework.boot.autoconfigure.condition.OnBeanCondition",66,1584
"java.lang.reflect.Executable$ParameterData",65,1560
"javax.management.MBeanOperationInfo",65,2600
"org.apache.tomcat.util.buf.CharChunk",65,3120
"sun.reflect.annotation.AnnotationType",65,2080
"sun.reflect.generics.repository.MethodRepository",65,2600
"sun.reflect.generics.scope.MethodScope",65,1560
"java.util.KeyValueHolder",64,1536
"jdk.proxy2.$Proxy11",64,1024
"org.apache.tomcat.util.buf.MessageBytes",64,3072
"java.lang.invoke.DirectMethodHandle$Accessor",63,3024
"java.security.ProtectionDomain[ ]",63,3192
"java.util.TreeSet",63,1008
"jdk.internal.reflect.MethodHandleObjectFieldAccessorImpl",63,2016
"org.springframework.asm.Type",63,2016
"org.springframework.boot.autoconfigure.condition.OnClassCondition",63,1512
"org.springframework.core.type.StandardAnnotationMetadata",63,2016
"org.springframework.format.support.FormattingConversionService$AnnotationParserConverter",63,2016
"org.springframework.format.support.FormattingConversionService$AnnotationPrinterConverter",63,2016
"com.fasterxml.jackson.databind.type.TypeBindings",62,1984
"java.lang.module.ResolvedModule",62,1488
"jdk.internal.module.SystemModuleFinders$SystemModuleReader",62,1488
"jdk.proxy1.$Proxy1",62,992
"com.fasterxml.jackson.databind.type.TypeBindings$AsKey",61,1464
"javax.management.MBeanParameterInfo",61,1952
"jdk.internal.loader.BuiltinClassLoader$LoadedModule",61,1952
"org.springframework.boot.loader.net.protocol.jar.JarUrlConnection",61,4880
"org.springframework.http.server.ServletServerHttpRequest",61,1952
"com.google.gson.JsonArray",60,960
"java.lang.invoke.MethodHandles$Lookup",60,1920
"java.security.AccessControlContext",60,2400
"java.util.TreeMap$KeySet",60,960
"java.util.UUID",60,1920
"jdk.internal.module.ModuleReferenceImpl$CachedHash",60,1440
"jdk.proxy2.$Proxy29",60,960
"org.springframework.boot.loader.net.protocol.nested.NestedUrlConnection",60,4320
"java.lang.invoke.DirectMethodHandle$Interface",59,2360
"javax.management.MBeanAttributeInfo[ ]",59,3064
"javax.management.MBeanInfo",59,2832
"org.springframework.core.annotation.AnnotatedMethod$ReturnValueMethodParameter",59,4720
"org.springframework.boot.loader.net.protocol.nested.NestedLocation$$Lambda.0x00000008001bf8b0",58,928
"com.jprofiler.agent.probe.structures.n[ ]",57,1368
"java.lang.WeakPairMap$Pair$Weak",57,2280
"java.lang.WeakPairMap$Pair$Weak$1",57,1824
"jdk.internal.org.objectweb.asm.Frame",57,2736
"ca.concordia.encs.citydata.core.RouteController$$Lambda.0x000000080067e278",56,1344
"java.io.ObjectStreamField[ ]",56,1640
"java.util.Vector",56,1792
"java.util.stream.Nodes$FixedNodeBuilder",56,1344
"org.springframework.core.annotation.AnnotationTypeMappings$$Lambda.0x0000000800665590",56,896
"org.springframework.util.LinkedMultiValueMap",56,896
"org.springframework.web.servlet.mvc.condition.PathPatternsRequestCondition",56,896
"sun.reflect.generics.tree.TypeVariableSignature",56,896
"org.springframework.web.servlet.mvc.method.RequestMappingInfo",55,3080
"java.io.FilePermission",54,2160
"java.security.spec.ECPoint",54,1296
"java.util.HashMap$Values",54,864
"org.springframework.context.event.AbstractApplicationEventMulticaster$ListenerCacheKey",54,1296
"org.springframework.core.SerializableTypeWrapper$MethodInvokeTypeProvider",54,2160
"com.jprofiler.agent.triggers.nanoxml.XMLElement",53,2544
"java.lang.Thread$FieldHolder",53,2120
"java.lang.invoke.BoundMethodHandle$Species_LLLL",53,2544
"java.security.spec.EllipticCurve",53,1696
"java.util.concurrent.ConcurrentHashMap$ValueIterator",53,2968
"org.springframework.http.server.DefaultPathContainer",53,1272
"sun.security.util.NamedCurve",53,2120
"sun.security.util.ObjectIdentifier",53,1696
"java.net.URLClassLoader$1",52,1248
"java.util.concurrent.ConcurrentLinkedQueue$Node",52,1248
"jdk.internal.loader.URLClassPath$Loader$1",52,1664
"org.springframework.boot.loader.jar.NestedJarFile$JarEntryInflaterInputStream",52,2912
"org.springframework.boot.loader.jar.NestedJarFile$JarEntryInputStream",52,2496
"org.springframework.boot.loader.jar.NestedJarFileResources$$Lambda.0x00000008006b35f0",52,1248
"org.springframework.core.MethodParameter$$Lambda.0x0000000800653a10",52,832
"org.springframework.core.annotation.AttributeMethods",52,1664
"sun.reflect.generics.visitor.Reifier",52,1248
"java.security.SecureClassLoader$1",51,816
"java.time.format.DateTimeFormatterBuilder$CharLiteralPrinterParser",51,816
"java.util.concurrent.atomic.AtomicIntegerArray",51,816
"org.springframework.core.DefaultParameterNameDiscoverer",51,816
"org.springframework.core.StandardReflectionParameterNameDiscoverer",51,816
"java.lang.ClassNotFoundException",50,2000
"java.lang.ClassValue$Entry",50,1600
"java.util.concurrent.LinkedBlockingQueue$Node",50,1200
"javax.management.MBeanParameterInfo[ ]",50,1232
"jdk.internal.event.DeserializationEvent",50,4000
"org.springframework.boot.loader.zip.ZipLocalFileHeaderRecord",50,2000
"org.springframework.util.MimeType$$Lambda.0x00000008006ce238",50,1200
"java.util.concurrent.ConcurrentHashMap$KeySetView",49,1176
"javax.management.MBeanOperationInfo[ ]",49,1712
"javax.management.openmbean.OpenMBeanAttributeInfoSupport",49,3136
"org.apache.coyote.ActionCode",49,1176
"org.springframework.util.MimeType$$Lambda.0x0000000800665360",49,784
"org.springframework.web.method.support.HandlerMethodArgumentResolverComposite",49,1176
"sun.reflect.generics.parser.SignatureParser",49,1176
"java.io.FilePermissionCollection",48,1152
"java.net.InetAddress$InetAddressHolder",48,1536
"java.time.format.DateTimeFormatterBuilder$NumberPrinterParser",48,1536
"java.util.HashMap$KeySpliterator",48,1920
"java.util.concurrent.ConcurrentHashMap$ValuesView",48,768
"org.apache.catalina.util.ParameterMap",48,1152
"org.apache.tomcat.util.net.NioEndpoint$SocketProcessor",48,1152
"java.lang.invoke.VarHandle$AccessDescriptor",47,1880
"java.util.TreeMap$Values",47,752
"org.apache.catalina.connector.CoyoteOutputStream",47,752
"org.apache.catalina.connector.RequestFacade",47,752
"org.apache.catalina.connector.ResponseFacade",47,752
"org.apache.catalina.core.ApplicationMapping$MappingImpl",47,1504
"org.apache.tomcat.util.net.NioEndpoint$PollerEvent",47,1128
"org.springframework.context.i18n.SimpleLocaleContext",47,752
"org.springframework.http.server.DefaultRequestPath",47,1128
"org.springframework.http.server.ServletServerHttpResponse",47,1504
"org.springframework.http.server.ServletServerHttpResponse$$Lambda.0x0000000800699c48",47,752
"org.springframework.http.server.ServletServerHttpResponse$ServletResponseHttpHeaders",47,1128
"org.springframework.validation.support.BindingAwareModelMap",47,3008
"org.springframework.web.bind.support.SimpleSessionStatus",47,752
"org.springframework.web.context.request.async.WebAsyncManager",47,2256
"org.springframework.web.context.support.ServletRequestHandledEvent",47,3008
"org.springframework.web.method.support.ModelAndViewContainer",47,2256
"org.springframework.web.servlet.DispatcherServlet$$Lambda.0x00000008006c7360",47,1128
"org.springframework.web.servlet.FlashMap",47,3008
"org.springframework.web.servlet.FrameworkServlet$RequestBindingInterceptor",47,752
"org.springframework.web.servlet.HandlerExecutionChain",47,1128
"org.springframework.web.servlet.mvc.method.annotation.AbstractMessageConverterMethodProcessor$$Lambda.0x0000000800655c00",47,752
"org.springframework.web.servlet.mvc.method.annotation.ServletInvocableHandlerMethod",47,4136
"java.util.TreeMap$ValueIterator",46,1472
"org.apache.tomcat.util.http.parser.Host$MessageBytesReader",46,1840
"org.springframework.web.servlet.DispatcherServlet$$Lambda.0x00000008006c84b8",46,1104
"org.springframework.beans.factory.config.BeanDefinitionHolder",45,1080
"org.springframework.core.annotation.AnnotationTypeMappings",45,1080
"org.springframework.format.support.FormattingConversionService$ParserConverter",45,1080
"org.springframework.format.support.FormattingConversionService$PrinterConverter",45,1440
"com.sun.management.internal.DiagnosticCommandArgumentInfo[ ]",44,1136
"com.sun.management.internal.DiagnosticCommandImpl$Wrapper",44,1408
"com.sun.management.internal.DiagnosticCommandInfo",44,2112
"java.time.format.DateTimeFormatterBuilder$CompositePrinterParser",44,1056
"java.time.format.DateTimeFormatterBuilder$DateTimePrinterParser[ ]",44,1536
"jdk.internal.reflect.ConstantPool",44,704
"org.springframework.http.HttpHeaders",44,704
"sun.nio.ch.SocketOptionRegistry$RegistryKey",44,1056
"com.jprofiler.agent.q$a",43,1032
"jdk.internal.loader.NativeLibraries",43,1376
"java.io.ObjectStreamClass$FieldReflectorKey",42,1008
"java.util.Collections$UnmodifiableCollection$1",42,1008
"org.springframework.http.CacheControl",42,1680
"org.springframework.util.ConcurrentReferenceHashMap",42,1680
"org.springframework.util.ConcurrentReferenceHashMap$Segment[ ]",42,3360
"org.springframework.web.context.request.async.StandardServletAsyncWebRequest",42,2688
"org.springframework.web.context.request.async.StandardServletAsyncWebRequest$LifecycleHttpServletResponse",42,1344
"org.springframework.web.context.request.async.StandardServletAsyncWebRequest$LifecycleServletOutputStream",42,1008
"org.springframework.web.context.request.async.WebAsyncManager$$Lambda.0x000000080066c6c8",42,672
"org.springframework.web.method.annotation.ModelFactory",42,1008
"org.springframework.web.method.annotation.SessionAttributesHandler$$Lambda.0x000000080068f870",42,1008
"org.springframework.web.servlet.mvc.method.annotation.ServletRequestDataBinderFactory",42,1008
"java.util.PropertyPermission",41,1312
"org.springframework.ui.ModelMap$$Lambda.0x000000080068bd50",41,656
"org.springframework.web.servlet.handler.AbstractHandlerMethodMapping$Match",41,984
"org.springframework.web.servlet.mvc.method.RequestMappingInfoHandlerMapping$$Lambda.0x000000080067fdc8",41,984
"org.springframework.web.servlet.mvc.method.RequestMappingInfoHandlerMapping$$Lambda.0x0000000800697d98",41,656
"org.springframework.web.servlet.mvc.method.annotation.RequestMappingHandlerAdapter$$Lambda.0x00000008006846d8",41,984
"org.springframework.web.servlet.mvc.method.annotation.RequestMappingHandlerAdapter$$Lambda.0x00000008006964b0",41,1312
"java.lang.management.ManagementPermission",40,960
"java.util.HashMap$EntryIterator",40,1280
"java.util.RegularEnumSet",40,1280
"java.util.concurrent.atomic.AtomicLongArray",40,640
"java.io.ClassCache$CacheRef",39,1872
"java.util.ResourceBundle$BundleReference",39,1560
"java.util.ResourceBundle$CacheKey",39,2808
"java.util.regex.Pattern$$Lambda.0x0000000800167400",39,624
"java.math.BigInteger[ ]",38,1184
"jdk.proxy2.$Proxy32",38,608
"java.io.File",37,1184
"jdk.internal.org.objectweb.asm.Edge",37,888
"com.jprofiler.agent.probe.structures.h",36,1440
"com.jprofiler.agent.util.f",36,1152
"java.lang.invoke.LambdaFormEditor$Transform[ ]",36,1168
"jdk.internal.misc.InternalLock",36,576
"jdk.proxy2.$Proxy16",36,576
"org.springframework.boot.web.server.MimeMappings$Mapping",36,864
"com.fasterxml.jackson.databind.MapperFeature",35,1400
"com.jprofiler.agent.JProfilerThreadManager$Platform",35,1680
"java.io.FileDescriptor",35,1400
"java.net.Inet6Address",35,840
"java.net.Inet6Address$Inet6AddressHolder",35,1120
"com.jprofiler.agent.probe.structures.MetaDataImpl",34,2720
"java.util.concurrent.locks.ReentrantReadWriteLock",34,816
"java.util.concurrent.locks.ReentrantReadWriteLock$ReadLock",34,544
"java.util.concurrent.locks.ReentrantReadWriteLock$Sync$ThreadLocalHoldCounter",34,544
"java.util.concurrent.locks.ReentrantReadWriteLock$WriteLock",34,544
"java.text.DateFormatSymbols",33,2112
"java.time.format.DateTimeFormatter",33,1320
"java.time.temporal.ValueRange",33,1584
"java.util.Formatter",33,792
"java.util.PropertyResourceBundle",33,1320
"java.util.concurrent.locks.ReentrantReadWriteLock$NonfairSync",33,1584
"com.fasterxml.jackson.core.json.JsonWriteContext",32,1536
"com.fasterxml.jackson.databind.type.SimpleType",32,1536
"com.sun.jmx.mbeanserver.DefaultMXBeanMappingFactory$IdentityMapping",32,768
"java.util.Formatter$FixedString",32,768
"java.util.Formatter$FormatSpecifier",32,1024
"java.util.HashMap$ValueIterator",32,1024
"java.util.LinkedList",32,1024
"java.util.regex.IntHashSet[ ]",32,512
"java.util.regex.Matcher",32,2560
"jdk.internal.org.objectweb.asm.MethodWriter",32,7168
"org.apache.catalina.Container[ ]",32,608
"org.springframework.core.convert.support.ObjectToStringConverter",32,512
"org.springframework.http.ReadOnlyHttpHeaders",32,768
"java.io.ObjectStreamClass$ClassDataSlot",31,744
"java.lang.ClassValue$Entry[ ]",31,4344
"java.lang.invoke.SimpleMethodHandle",31,992
"java.lang.invoke.VarHandle$AccessMode",31,992
"java.security.Provider$EngineDescription",31,744
"java.time.Duration",31,744
"java.lang.ClassValue$ClassValueMap",30,1920
"java.time.temporal.ChronoField",30,1440
"jdk.proxy2.$Proxy43",30,480
"org.apache.tomcat.util.res.StringManager",30,720
"org.apache.tomcat.util.res.StringManager$1",30,1920
"org.springframework.http.ResponseEntity",30,720
"org.springframework.http.ResponseEntity$DefaultBuilder",30,720
"org.springframework.util.ConcurrentReferenceHashMap$TaskOption[ ]",30,736
"ch.qos.logback.core.status.InfoStatus",29,1160
"com.fasterxml.jackson.databind.DeserializationFeature",29,928
"org.springframework.web.util.pattern.SeparatorPathElement",29,928
"com.fasterxml.jackson.databind.type.CollectionType",28,1568
"com.jprofiler.agent.util.a.a.b.h",28,2912
"com.jprofiler.agent.util.a.a.b.h$m[ ]",28,1104
"com.sun.jmx.mbeanserver.NamedObject",28,672
"java.lang.invoke.VarHandleReferences$FieldInstanceReadWrite",28,1344
"java.net.InetAddress[ ]",28,680
"java.net.URLClassLoader$2",28,672
"java.time.LocalTime",28,672
"org.springframework.util.ConcurrentReferenceHashMap$1",28,896
"org.springframework.util.ConcurrentReferenceHashMap$Segment$$Lambda.0x00000008006c4c18",28,896
"sun.reflect.annotation.AnnotationParser$1",28,672
"java.rmi.server.UID",27,864
"java.security.spec.ECFieldFp",27,432
"java.util.regex.Pattern$BitClass",27,432
"jdk.proxy1.$Proxy2",27,432
"org.springframework.core.annotation.AnnotationTypeMapping$MirrorSets$MirrorSet",27,648
"org.springframework.core.annotation.AnnotationTypeMappings$$Lambda.0x000000080067cf40",27,432
"sun.security.provider.PolicyFile$PolicyEntry",27,648
"com.fasterxml.jackson.databind.SerializationFeature",26,832
"com.sun.jmx.mbeanserver.WeakIdentityHashMap$IdentityWeakReference",26,832
"java.lang.ThreadLocal",26,416
"java.lang.invoke.ConstantCallSite",26,624
"java.lang.invoke.MethodHandleImpl$CountingWrapper",26,1248
"java.nio.DirectByteBuffer",26,1664
"java.security.spec.ECFieldF2m",26,624
"java.util.IdentityHashMap",26,1040
"java.util.concurrent.ConcurrentLinkedQueue",26,624
"org.springframework.boot.context.properties.EnableConfigurationPropertiesRegistrar",26,416
"org.springframework.core.annotation.TypeMappedAnnotations$MergedAnnotationFinder",26,832
"com.sun.jmx.mbeanserver.MXBeanSupport",25,1000
"java.io.ObjectStreamClass$ClassDataSlot[ ]",25,616
"java.lang.invoke.BoundMethodHandle$Species_LLJ",25,1200
"jdk.proxy2.$Proxy25",25,400
"jdk.proxy2.$Proxy46",25,400
"org.springframework.web.bind.annotation.RequestMethod[ ]",25,632
"com.fasterxml.jackson.databind.ObjectWriter",24,960
"java.io.DataOutputStream",24,960
"java.util.regex.Pattern$GroupHead",24,576
"java.util.regex.Pattern$GroupTail",24,576
"org.apache.catalina.LifecycleEvent",24,576
"org.springframework.core.convert.support.GenericConversionService$ConverterFactoryAdapter",24,576
"org.springframework.web.util.pattern.LiteralPathElement",24,960
"sun.security.ec.SunEC$ProviderServiceA",24,1536
"java.lang.ProcessEnvironment$Value",23,552
"java.lang.ProcessEnvironment$Variable",23,552
"java.lang.StringBuffer",23,736
"java.lang.reflect.AccessFlag",23,920
"java.net.InetSocketAddress",23,368
"java.net.InetSocketAddress$InetSocketAddressHolder",23,552
"java.security.SecurityPermission",23,552
"java.util.Date",23,552
"java.util.regex.Pattern$Curly",23,736
"javax.management.MBeanNotificationInfo[ ]",23,512
"jdk.internal.org.objectweb.asm.Handler",23,920
"org.springframework.boot.loader.jar.MetaInfVersionsInfo",23,552
"com.jprofiler.agent.JProfilerCarrierThreadLocal",22,528
"com.jprofiler.agent.g$a$1",22,352
"java.lang.invoke.BoundMethodHandle$Species_LJ",22,1056
"java.lang.reflect.ClassFileFormatVersion",22,704
"java.util.ImmutableCollections$Set12$1",22,528
"org.springframework.beans.TypeConverterDelegate",22,528
"org.springframework.core.log.CompositeLog",22,352
"sun.util.calendar.ZoneInfo",22,1232
"com.fasterxml.jackson.databind.ser.impl.ReadOnlyClassToSerializerMap$Bucket",21,672
"com.jprofiler.agent.sampler.Sampler$a",21,672
"java.lang.Thread",21,2520
"java.util.AbstractMap$SimpleImmutableEntry",21,504
"jdk.proxy2.$Proxy28",21,336
"org.springframework.web.servlet.mvc.condition.RequestMethodsRequestCondition",21,336
"sun.util.logging.internal.LoggingProviderImpl$JULWrapper",21,336
"java.io.ObjectInputStream$HandleTable$HandleList[ ]",20,1360
"java.lang.invoke.MethodType[ ]",20,832
"java.util.concurrent.Semaphore",20,320
"java.util.concurrent.Semaphore$NonfairSync",20,640
"jdk.internal.org.objectweb.asm.FieldWriter",20,1280
"org.springframework.core.MethodParameter[ ]",20,416
"org.springframework.validation.DefaultBindingErrorProcessor",20,320
"org.springframework.web.bind.support.BindParamNameResolver",20,320
"org.springframework.web.servlet.mvc.method.annotation.ExtendedServletRequestDataBinder",20,1760
"sun.reflect.generics.tree.Wildcard",20,480
"com.fasterxml.jackson.core.JsonParser$Feature",19,608
"com.jprofiler.agent.probe.g.c",19,3040
"com.jprofiler.agent.probe.g.c$1",19,304
"com.jprofiler.agent.probe.g.d",19,1064
"com.jprofiler.agent.probe.g.d$1",19,304
"com.jprofiler.agent.probe.payload.BasePayloadInfo[ ]",19,304
"com.jprofiler.agent.probe.structures.o$a",19,456
"com.jprofiler.agent.probe.structures.o$b",19,456
"com.jprofiler.agent.probe.structures.o$c",19,456
"com.jprofiler.api.agent.probe.ThreadLocalStack",19,304
"com.jprofiler.api.agent.probe.ThreadLocalStack$1",19,304
"java.io.DataInputStream",19,608
"java.nio.channels.SelectionKey[ ]",19,456
"java.text.DecimalFormatSymbols",19,1672
"java.util.regex.Pattern",19,1672
"javax.management.MBeanConstructorInfo[ ]",19,360
"javax.management.StandardMBean",19,456
"javax.management.openmbean.ArrayType",19,912
"jdk.internal.org.objectweb.asm.Type",19,608
"jdk.proxy2.$Proxy56",19,304
"org.springframework.core.convert.support.GenericConversionService$ConverterCacheKey",19,456
"org.springframework.web.util.pattern.PathPattern",19,912
"sun.rmi.transport.Transport$$Lambda.0x0000000800610b80",19,304
"com.fasterxml.jackson.databind.util.LRUMap",18,432
"com.fasterxml.jackson.databind.util.TypeKey",18,576
"com.fasterxml.jackson.databind.util.internal.LinkedDeque",18,432
"com.fasterxml.jackson.databind.util.internal.PrivateMaxEntriesMap",18,1440
"com.google.gson.internal.bind.TypeAdapters$31",18,432
"com.jprofiler.agent.probe.g.a",18,432
"com.jprofiler.agent.probe.structures.a",18,432
"java.io.ObjectOutputStream$HandleTable",18,720
"java.nio.DirectByteBuffer$Deallocator",18,576
"java.text.DateFormat$Field",18,432
"java.util.IdentityHashMap$KeySet",18,288
"java.util.LinkedHashMap$LinkedEntryIterator",18,576
"jdk.internal.ref.Cleaner",18,720
"jdk.proxy2.$Proxy3",18,288
"jdk.proxy2.$Proxy31",18,288
"org.springframework.format.datetime.standard.TemporalAccessorParser",18,576
"org.springframework.format.datetime.standard.TemporalAccessorPrinter",18,288
"sun.security.ec.SunEC$ProviderService",18,1152
"com.sun.org.apache.xpath.internal.XPath",17,408
"com.sun.org.apache.xpath.internal.axes.IteratorPool",17,408
"com.sun.org.apache.xpath.internal.compiler.FunctionTable",17,408
"com.sun.org.apache.xpath.internal.jaxp.JAXPPrefixResolver",17,272
"com.sun.org.apache.xpath.internal.jaxp.XPathExpressionImpl",17,680
"java.lang.NamedPackage",17,408
"java.lang.invoke.MemberName[ ]",17,2448
"java.lang.invoke.MethodHandleImpl$IntrinsicMethodHandle",17,816
"java.lang.invoke.VarForm",17,544
"java.nio.ByteBuffer[ ]",17,69904
"java.util.EnumMap",17,680
"jdk.internal.reflect.DelegatingClassLoader",17,1360
"jdk.xml.internal.JdkProperty$State[ ]",17,848
"org.springframework.beans.factory.config.ConstructorArgumentValues",17,408
"org.springframework.boot.ansi.AnsiColor",17,544
"org.springframework.boot.logging.LoggingSystemProperty",17,680
"org.springframework.util.MimeType",17,544
"org.springframework.xml.namespace.SimpleNamespaceContext",17,408
"org.springframework.xml.xpath.Jaxp13XPathExpressionFactory$Jaxp13XPathExpression",17,408
"sun.nio.ch.OptionKey",17,408
"sun.nio.ch.Util$BufferCache",17,408
"com.jprofiler.agent.util.a.b.r",16,640
"java.io.PushbackInputStream",16,512
"java.time.temporal.ChronoUnit",16,512
"java.util.Collections$SingletonSet",16,256
"java.util.GregorianCalendar",16,1792
"java.util.regex.Pattern$Branch",16,512
"java.util.regex.Pattern$BranchConn",16,256
"java.util.regex.Pattern$Node[ ]",16,408
"javax.management.openmbean.OpenMBeanParameterInfoSupport",16,896
"jdk.internal.org.objectweb.asm.SymbolTable$Entry[ ]",16,12864
"jdk.internal.reflect.MethodHandleLongFieldAccessorImpl",16,512
"org.springframework.boot.autoconfigure.condition.OnWebApplicationCondition",16,384
"sun.reflect.generics.reflectiveObjects.WildcardTypeImpl",16,384
"sun.util.calendar.Gregorian$Date",16,1536
"ca.concordia.encs.citydata.operations.StringReplaceOperation",15,480
"ca.concordia.encs.citydata.runners.SequentialRunner",15,480
"ch.qos.logback.core.spi.ContextAwareBase",15,360
"com.google.gson.stream.JsonReader",15,1200
"com.jprofiler.agent.probe.a$1",15,240
"jakarta.websocket.CloseReason$CloseCodes",15,480
"java.io.ObjectInputStream$BlockDataInputStream",15,840
"java.io.ObjectInputStream$FieldValues",15,480
"java.io.ObjectInputStream$FieldValues[ ]",15,360
"java.io.ObjectInputStream$HandleTable",15,480
"java.io.ObjectInputStream$PeekInputStream",15,480
"java.io.ObjectInputStream$ValidationList",15,240
"java.util.regex.Pattern$BmpCharPropertyGreedy",15,360
"java.util.regex.Pattern$Start",15,360
"org.apache.catalina.connector.CoyoteInputStream",15,240
"org.apache.tomcat.util.http.MimeHeaderField",15,360
"org.springframework.beans.BeanWrapperImpl",15,1080
"org.springframework.validation.BeanPropertyBindingResult",15,960
"org.springframework.validation.DefaultMessageCodesResolver",15,360
"sun.invoke.util.ValueConversions$WrapperCache",15,240
"com.fasterxml.jackson.core.JsonGenerator$Feature",14,448
"com.fasterxml.jackson.core.io.ContentReference",14,448
"com.fasterxml.jackson.databind.ser.std.ToStringSerializer",14,224
"com.sun.jmx.mbeanserver.PerInterface",14,560
"com.sun.org.apache.xpath.internal.axes.ChildTestIterator",14,1456
"java.net.InterfaceAddress",14,336
"java.rmi.server.ObjID",14,336
"java.time.Instant",14,336
"java.util.ImmutableCollections$MapN",14,448
"javax.management.openmbean.SimpleType",14,560
"jdk.internal.org.objectweb.asm.Type[ ]",14,272
"jdk.proxy2.$Proxy55",14,224
"org.apache.tomcat.util.http.NamesEnumerator",14,448
"org.springframework.context.support.MessageSourceAccessor",14,336
"org.springframework.util.unit.DataSize",14,336
"org.springframework.web.servlet.handler.AbstractHandlerMethodMapping$MappingRegistration",14,448
"org.springframework.web.servlet.mvc.method.annotation.AbstractMessageConverterMethodArgumentResolver$$Lambda.0x00000008006ce8b8",14,336
"org.springframework.web.servlet.mvc.method.annotation.AbstractMessageConverterMethodArgumentResolver$EmptyBodyCheckingHttpInputMessage",14,336
"org.springframework.xml.transform.TransformerHelper",14,336
"com.fasterxml.jackson.databind.ObjectWriter$Prefetch",13,312
"com.fasterxml.jackson.databind.type.LogicalType",13,312
"java.lang.invoke.BoundMethodHandle$SpeciesData",13,624
"java.lang.invoke.BoundMethodHandle$SpeciesData[ ]",13,520
"java.net.Inet4Address",13,312
"java.text.NumberFormat$Field",13,208
"javax.management.openmbean.CompositeType",13,728
"jdk.proxy2.$Proxy18",13,208
"org.apache.coyote.AsyncStateMachine$AsyncState",13,416
"org.jcp.xml.dsig.internal.dom.XMLDSigRI$ProviderService",13,832
"org.springframework.boot.autoconfigure.condition.OnPropertyCondition",13,208
"org.springframework.core.annotation.AnnotatedMethod$AnnotatedMethodParameter",13,936
"org.springframework.web.servlet.mvc.condition.ProducesRequestCondition",13,312
"sun.rmi.transport.ObjectEndpoint",13,312
"sun.security.jca.ProviderConfig",13,416
"sun.security.util.LazyCodeSourcePermissionCollection",13,312
"com.fasterxml.jackson.core.io.IOContext",12,864
"com.fasterxml.jackson.core.json.UTF8JsonGenerator",12,1152
"java.beans.PropertyChangeSupport",12,288
"java.beans.PropertyChangeSupport$PropertyChangeListenerMap",12,192
"java.io.ObjectStreamClass$FieldReflector",12,480
"java.lang.OutOfMemoryError",12,480
"java.lang.annotation.ElementType",12,288
"java.net.StandardSocketOptions$StdSocketOption",12,288
"java.text.DecimalFormat",12,1728
"java.text.DigitList",12,480
"java.time.Month",12,288
"java.util.BitSet",12,288
"java.util.Properties",12,672
"java.util.regex.Pattern$$Lambda.0x0000000800128508",12,288
"java.util.regex.Pattern$Slice",12,288
"jdk.internal.loader.BuiltinClassLoader$2",12,288
"jdk.internal.org.objectweb.asm.SymbolTable",12,768
"jdk.proxy2.$Proxy33",12,192
"jdk.xml.internal.XMLSecurityManager$Limit",12,576
"org.apache.catalina.LifecycleState",12,384
"org.apache.tomcat.util.threads.TaskThread",12,1536
"org.apache.tomcat.util.threads.TaskThread$WrappingRunnable",12,192
"org.springframework.http.converter.json.AbstractJackson2HttpMessageConverter$$Lambda.0x0000000800666668",12,192
"org.springframework.util.StreamUtils$NonClosingOutputStream",12,288
"com.fasterxml.jackson.annotation.JsonFormat$Feature",11,264
"com.fasterxml.jackson.annotation.JsonFormat$Shape",11,264
"com.sun.jmx.mbeanserver.DefaultMXBeanMappingFactory$CompositeMapping",11,440
"java.lang.invoke.MethodHandleImpl$Intrinsic",11,264
"java.lang.invoke.MethodHandles$Lookup$ClassDefiner",11,352
"java.lang.invoke.MethodHandles$Lookup$ClassFile",11,264
"java.net.InetSocketAddress[ ]",11,264
"java.net.NetworkInterface[ ]",11,216
"javax.management.MBeanNotificationInfo",11,352
"jdk.internal.org.objectweb.asm.ClassWriter",11,1672
"jdk.proxy2.$Proxy54",11,176
"org.apache.tomcat.util.collections.ManagedConcurrentWeakHashMap$Key",11,440
"org.springframework.beans.factory.config.BeanExpressionContext",11,264
"org.springframework.boot.context.properties.source.SoftReferenceConfigurationPropertyCache",11,352
"org.springframework.boot.context.properties.source.SpringIterableConfigurationPropertySource",11,352
"org.springframework.boot.context.properties.source.SpringIterableConfigurationPropertySource$Mappings",11,440
"org.springframework.web.method.annotation.ExceptionHandlerMethodResolver$ExceptionMapping",11,264
"org.springframework.web.util.pattern.PathPatternParser",11,264
"sun.nio.ch.DummySocketImpl",11,352
"sun.reflect.annotation.AnnotationParser$$Lambda.0x00000008001fe338",11,264
"sun.util.locale.provider.LocaleResources$ResourceReference",11,440
"ca.concordia.encs.citydata.core.ApplyController$1",10,1200
"ca.concordia.encs.citydata.producers.StringProducer",10,480
"ch.qos.logback.core.pattern.LiteralConverter",10,240
"com.fasterxml.jackson.databind.cfg.CoercionInputShape",10,240
"com.google.gson.internal.LinkedTreeMap$EntrySet",10,160
"com.google.gson.internal.LinkedTreeMap$EntrySet$1",10,320
"com.google.gson.stream.JsonToken",10,240
"com.google.gson.stream.JsonWriter",10,480
"com.jprofiler.agent.probe.a.e.d$b",10,480
"com.jprofiler.agent.probe.a.f.e$b",10,720
"com.jprofiler.agent.util.a.c",10,240
"com.sun.jmx.remote.util.ClassLogger",10,240
"io.micrometer.common.ImmutableKeyValue",10,240
"java.io.ObjectStreamClass$ExceptionInfo",10,240
"java.io.StringWriter",10,240
"java.lang.PublicMethods",10,240
"java.net.InterfaceAddress[ ]",10,248
"java.net.NetworkInterface",10,480
"java.nio.charset.CoderResult",10,240
"java.nio.file.StandardOpenOption",10,240
"java.text.SimpleDateFormat",10,640
"java.util.ArrayList$SubList",10,320
"java.util.Calendar$Builder",10,560
"java.util.concurrent.LinkedBlockingDeque",10,400
"javax.management.remote.rmi.RMIConnectionImpl$PrivilegedOperation",10,240
"javax.management.remote.rmi.RMIConnectionImpl$SetCcl",10,160
"org.apache.tomcat.util.net.NioEndpoint$NioSocketWrapper",10,1680
"org.apache.tomcat.util.net.WriteBuffer",10,240
"org.apache.tomcat.util.threads.ThreadPoolExecutor$Worker",10,480
"org.springframework.boot.autoconfigure.cache.CacheType",10,240
"org.springframework.boot.autoconfigure.web.embedded.TomcatWebServerFactoryCustomizer$$Lambda.0x0000000800475218",10,240
"org.springframework.cglib.proxy.MethodProxy",10,320
"org.springframework.core.SerializableTypeWrapper$TypeProxyInvocationHandler",10,160
"sun.invoke.util.Wrapper",10,560
"sun.nio.ch.SocketAdaptor",10,480
"sun.nio.ch.SocketChannelImpl",10,1120
"sun.nio.cs.ISO_8859_1$Decoder",10,400
"sun.rmi.transport.JProfilerConnectionInputStream",10,880
"sun.rmi.transport.StreamRemoteCall",10,400
"sun.rmi.transport.Transport$1",10,320
"sun.util.resources.Bundles$BundleReference",10,400
"sun.util.resources.Bundles$CacheKey",10,320
"com.fasterxml.jackson.databind.cfg.BaseSettings",9,576
"com.fasterxml.jackson.databind.ser.Serializers[ ]",9,208
"com.jprofiler.agent.util.a.b.aa$b$1",9,216
"com.sun.org.apache.xerces.internal.utils.XMLSecurityManager$Limit",9,432
"java.io.ObjectOutputStream$BlockDataOutputStream",9,360
"java.io.ObjectOutputStream$ReplaceTable",9,216
"java.lang.invoke.InfoFromMemberName",9,216
"java.lang.invoke.InnerClassLambdaMetafactory",9,936
"java.lang.invoke.InnerClassLambdaMetafactory$ForwardingMethodGenerator",9,216
"java.lang.reflect.AccessFlag$Location",9,216
"java.net.NetPermission",9,216
"java.net.NetworkInterface$1",9,216
"java.net.SocketAddress[ ]",9,216
"java.nio.file.attribute.FileAttribute[ ]",9,160
"java.nio.file.attribute.PosixFilePermission",9,216
"java.rmi.server.Operation",9,144
"java.time.format.DateTimeFormatterBuilder$LocalizedPrinterParser",9,216
"java.util.Arrays$ArrayItr",9,216
"java.util.concurrent.ScheduledThreadPoolExecutor$ScheduledFutureTask",9,648
"java.util.logging.Level",9,288
"java.util.logging.Level$KnownLevel",9,288
"java.util.regex.Pattern$CharPropertyGreedy",9,216
"jdk.proxy2.$Proxy40",9,144
"jdk.proxy2.$Proxy45",9,144
"org.apache.tomcat.util.net.AbstractEndpoint$Handler$SocketState",9,216
"org.springframework.beans.factory.support.DisposableBeanAdapter",9,360
"org.springframework.boot.context.properties.bind.Bindable",9,360
"org.springframework.core.ResolvableType$SyntheticParameterizedType",9,216
"org.springframework.core.ResolvableType$TypeVariablesVariableResolver",9,216
"org.springframework.util.AntPathMatcher",9,360
"org.springframework.util.AntPathMatcher$PathSeparatorPatternCache",9,216
"org.springframework.web.context.request.RequestScope",9,144
"org.springframework.web.util.UrlPathHelper",9,216
"sun.nio.ch.SelectionKeyImpl",9,432
"sun.rmi.runtime.Log$LoggerLog",9,216
"sun.rmi.server.MarshalOutputStream$1",9,144
"sun.rmi.transport.JProfilerConnectionOutputStream",9,720
"sun.util.logging.PlatformLogger$Level",9,288
"com.fasterxml.jackson.core.io.SerializedString",8,256
"com.fasterxml.jackson.databind.introspect.AnnotationIntrospectorPair",8,192
"com.fasterxml.jackson.databind.module.SimpleSerializers",8,192
"com.google.gson.TypeAdapter$1",8,128
"com.google.gson.internal.bind.TypeAdapters$32",8,192
"com.jprofiler.agent.probe.f.a$a",8,128
"com.jprofiler.api.agent.probe.DataType",8,128
"com.sun.org.apache.xpath.internal.functions.FuncNormalizeSpace",8,192
"com.sun.security.sasl.Provider$ProviderService",8,512
"double[ ]",8,696
"java.lang.module.ModuleDescriptor$Opens",8,192
"java.lang.reflect.ProxyGenerator$PrimitiveTypeInfo",8,384
"java.math.RoundingMode",8,256
"java.time.format.DateTimeFormatterBuilder$TextPrinterParser",8,256
"java.util.Collections$SynchronizedMap",8,256
"java.util.EnumMap$EntrySet",8,128
"java.util.ImmutableCollections$Map1",8,256
"java.util.Map$Entry[ ]",8,352
"jdk.internal.loader.NativeLibraries$NativeLibraryImpl",8,320
"jdk.internal.vm.SharedThreadContainer",8,320
"jdk.xml.internal.JdkProperty$ImplPropMap",8,384
"org.springframework.boot.convert.CollectionToDelimitedStringConverter",8,128
"org.springframework.boot.loader.net.protocol.jar.UrlJarEntry",8,832
"org.springframework.boot.logging.DeferredLog",8,192
"org.springframework.boot.logging.DeferredLogs$$Lambda.0x0000000800240250",8,128
"org.springframework.context.annotation.ScannedGenericBeanDefinition",8,896
"org.springframework.core.$Proxy7",8,128
"org.springframework.core.convert.support.CollectionToArrayConverter",8,128
"org.springframework.core.convert.support.CollectionToStringConverter",8,128
"org.springframework.core.io.UrlResource",8,192
"org.springframework.http.HttpMethod",8,128
"org.springframework.web.bind.annotation.RequestMethod",8,192
"sun.management.MemoryPoolImpl",8,448
"sun.management.MemoryPoolImpl$CollectionSensor",8,320
"sun.management.MemoryPoolImpl$PoolSensor",8,320
"ch.qos.logback.classic.Level",7,168
"com.fasterxml.jackson.annotation.JsonInclude$Include",7,168
"com.fasterxml.jackson.annotation.PropertyAccessor",7,168
"com.fasterxml.jackson.core.json.JsonWriteFeature",7,280
"com.fasterxml.jackson.core.util.JacksonFeatureSet",7,112
"com.jprofiler.api.agent.probe.Unit",7,112
"com.sun.org.apache.xerces.internal.util.FeatureState",7,168
"java.io.FileCleanable",7,392
"java.lang.Boolean[ ]",7,224
"java.lang.ClassValue$Identity",7,112
"java.lang.ClassValue$Version",7,168
"java.lang.System$Logger$Level",7,224
"java.lang.invoke.BoundMethodHandle$Species_I",7,280
"java.lang.invoke.VarHandleInts$FieldInstanceReadWrite",7,280
"java.lang.reflect.ProxyGenerator$ProxyMethod",7,280
"java.nio.file.OpenOption[ ]",7,144
"java.time.DayOfWeek",7,168
"java.time.ZoneOffset",7,168
"java.util.Random",7,224
"java.util.concurrent.Executors$RunnableAdapter",7,168
"java.util.concurrent.TimeUnit",7,560
"jdk.internal.loader.ClassLoaderValue",7,112
"jdk.net.ExtendedSocketOptions$ExtSocketOption",7,168
"jdk.proxy2.$Proxy36",7,112
"jdk.proxy2.$Proxy58",7,112
"jdk.xml.internal.JdkProperty$State",7,224
"org.apache.tomcat.util.http.parser.HttpParser$DomainParseState",7,224
"org.apache.tomcat.util.net.SocketEvent",7,168
"org.springframework.beans.factory.support.DefaultListableBeanFactory$DependencyObjectProvider",7,224
"org.springframework.beans.factory.support.DefaultListableBeanFactory$NestedDependencyDescriptor",7,448
"org.springframework.boot.logging.LogLevel",7,224
"org.springframework.cglib.proxy.CallbackInfo",7,168
"org.springframework.cglib.proxy.MethodProxy$FastClassInfo",7,224
"org.springframework.context.event.AbstractApplicationEventMulticaster$CachedListenerRetriever",7,168
"org.springframework.core.NamedThreadLocal",7,168
"org.springframework.util.ConcurrentLruCache$CacheEntry",7,168
"org.springframework.util.ConcurrentLruCache$Node",7,224
"org.springframework.web.method.annotation.ExceptionHandlerMappingInfo",7,168
"org.springframework.web.servlet.mvc.method.annotation.RequestResponseBodyAdviceChain",7,168
"sun.management.counter.Units",7,168
"sun.nio.cs.UTF_8$Encoder",7,336
"sun.rmi.transport.tcp.TCPEndpoint",7,280
"com.fasterxml.jackson.annotation.JsonAutoDetect$Visibility",6,144
"com.fasterxml.jackson.core.JsonParser$NumberType",6,144
"com.fasterxml.jackson.databind.deser.Deserializers[ ]",6,128
"com.fasterxml.jackson.databind.type.IterationType",6,336
"com.fasterxml.jackson.databind.util.internal.PrivateMaxEntriesMap$WriteThroughEntry",6,144
"com.jprofiler.agent.f.a.e",6,192
"com.sun.jmx.mbeanserver.DefaultMXBeanMappingFactory$CollectionMapping",6,192
"com.sun.org.apache.xerces.internal.util.Status",6,192
"com.sun.org.apache.xpath.internal.axes.AxesWalker",6,528
"java.io.ByteArrayInputStream",6,192
"java.lang.Thread$State",6,144
"java.lang.WeakPairMap$Pair$Lookup",6,144
"java.lang.invoke.BoundMethodHandle$Species_LLLJ",6,336
"java.lang.invoke.DirectMethodHandle$Special",6,240
"java.lang.invoke.LambdaForm$BasicType",6,240
"java.net.SocketPermission",6,336
"java.nio.DirectLongBufferU",6,336
"java.security.BasicPermissionCollection",6,144
"java.time.format.TextStyle",6,192
"java.util.regex.Pattern$$Lambda.0x0000000800128790",6,144
"java.util.stream.StreamOpFlag",6,288
"javax.management.StandardEmitterMBean",6,192
"javax.management.remote.rmi.RMIConnectionImpl$CombinedClassLoader",6,528
"javax.management.remote.rmi.RMIConnectionImpl$CombinedClassLoader$ClassLoaderWrapper",6,480
"jdk.internal.org.objectweb.asm.AnnotationWriter",6,288
"jdk.internal.perf.PerfCounter",6,144
"jdk.proxy2.$Proxy37",6,96
"jdk.xml.internal.JdkXmlFeatures",6,144
"jdk.xml.internal.XMLSecurityManager",6,240
"org.apache.coyote.http11.Http11InputBuffer$HeaderParsePosition",6,144
"org.apache.coyote.http11.filters.ChunkedInputFilter$ParseState",6,144
"org.apache.tomcat.util.http.MimeHeaderField[ ]",6,288
"org.apache.tomcat.util.http.MimeHeaders",6,144
"org.apache.tomcat.util.http.parser.HttpHeaderParser$HeaderParsePosition",6,144
"org.springframework.beans.PropertyValue",6,288
"org.springframework.boot.context.config.ConfigDataEnvironmentContributor$Kind",6,144
"org.springframework.boot.context.properties.source.ConfigurationPropertyName$ElementType",6,192
"org.springframework.boot.loader.net.protocol.jar.UrlJarManifest$$Lambda.0x00000008006b30a0",6,144
"org.springframework.boot.logging.logback.ColorConverter",6,240
"org.springframework.core.convert.TypeDescriptor$AnnotatedElementAdapter",6,96
"org.springframework.core.convert.support.GenericConversionService$Converters",6,144
"org.springframework.format.datetime.DateFormatterRegistrar$CalendarToDateConverter",6,96
"org.springframework.format.datetime.DateFormatterRegistrar$CalendarToLongConverter",6,96
"org.springframework.format.datetime.DateFormatterRegistrar$DateToCalendarConverter",6,96
"org.springframework.format.datetime.DateFormatterRegistrar$DateToLongConverter",6,96
"org.springframework.format.datetime.DateFormatterRegistrar$LongToCalendarConverter",6,96
"org.springframework.format.datetime.DateFormatterRegistrar$LongToDateConverter",6,96
"org.springframework.http.MediaType[ ]",6,144
"org.springframework.util.PlaceholderParser",6,240
"org.springframework.util.PropertyPlaceholderHelper",6,96
"org.springframework.web.context.support.ServletContextResource",6,144
"org.springframework.web.cors.DefaultCorsProcessor",6,96
"org.springframework.web.servlet.mvc.method.annotation.ServletModelAttributeMethodProcessor",6,144
"org.springframework.web.util.pattern.PathPattern$PathMatchInfo",6,144
"org.springframework.ws.config.annotation.DelegatingWsConfiguration$$SpringCGLIB$$FastClass$$0",6,144
"org.springframework.ws.config.annotation.WsConfigurationSupport$$SpringCGLIB$$FastClass$$0",6,144
"sun.nio.ch.FileChannelImpl",6,384
"sun.nio.ch.FileChannelImpl$Closer",6,96
"sun.nio.ch.NativeThreadSet",6,144
"sun.nio.cs.StreamEncoder",6,336
"sun.nio.fs.NativeBuffer",6,192
"sun.nio.fs.NativeBuffer$Deallocator",6,144
"sun.nio.fs.NativeBuffer[ ]",6,192
"ca.concordia.encs.citydata.operations.StringFilterOperation",5,160
"ca.concordia.encs.citydata.operations.StringFilterOperation$$Lambda.0x00000008006d5798",5,80
"ca.concordia.encs.citydata.producers.CSVProducer",5,200
"ca.concordia.encs.citydata.producers.EnergyConsumptionProducer",5,240
"ch.qos.logback.core.pattern.parser.TokenStream$TokenizerState",5,120
"ch.qos.logback.core.subst.Token$Type",5,120
"com.fasterxml.jackson.annotation.Nulls",5,120
"com.fasterxml.jackson.core.JsonEncoding",5,200
"com.fasterxml.jackson.core.JsonFactory$Feature",5,160
"com.fasterxml.jackson.core.util.BufferRecycler",5,120
"com.fasterxml.jackson.core.util.DefaultIndenter",5,120
"com.fasterxml.jackson.core.util.DefaultPrettyPrinter",5,280
"com.fasterxml.jackson.databind.cfg.CoercionAction[ ]",5,256
"com.fasterxml.jackson.databind.cfg.DeserializerFactoryConfig",5,160
"com.fasterxml.jackson.databind.cfg.JsonNodeFeature",5,160
"com.fasterxml.jackson.databind.cfg.SerializerFactoryConfig",5,120
"com.fasterxml.jackson.databind.deser.BeanDeserializerFactory",5,80
"com.fasterxml.jackson.databind.deser.BeanDeserializerModifier[ ]",5,112
"com.fasterxml.jackson.databind.deser.KeyDeserializers[ ]",5,120
"com.fasterxml.jackson.databind.deser.ValueInstantiators[ ]",5,112
"com.fasterxml.jackson.databind.introspect.AnnotatedClass",5,360
"com.fasterxml.jackson.databind.introspect.BasicBeanDescription",5,240
"com.fasterxml.jackson.databind.ser.BeanSerializerFactory",5,80
"com.fasterxml.jackson.databind.ser.BeanSerializerModifier[ ]",5,112
"com.fasterxml.jackson.databind.type.MapType",5,280
"com.fasterxml.jackson.databind.type.TypeFactory",5,160
"com.fasterxml.jackson.databind.type.TypeParser",5,80
"com.google.gson.internal.LazilyParsedNumber",5,80
"com.jprofiler.agent.LockManager$a",5,80
"com.jprofiler.agent.probe.f.i$b",5,240
"com.sun.jmx.remote.util.OrderClassLoaders",5,440
"com.sun.org.apache.xalan.internal.utils.FeaturePropertyBase$State",5,120
"com.sun.org.apache.xalan.internal.utils.FeaturePropertyBase$State[ ]",5,136
"com.sun.org.apache.xerces.internal.util.PropertyState",5,120
"com.sun.org.apache.xerces.internal.utils.XMLSecurityPropertyManager$State",5,120
"com.sun.org.apache.xerces.internal.utils.XMLSecurityPropertyManager$State[ ]",5,136
"com.sun.org.apache.xpath.internal.objects.XNumber",5,160
"com.sun.proxy.jdk.proxy1.$Proxy52",5,80
"jakarta.servlet.DispatcherType",5,120
"jakarta.servlet.http.MappingMatch",5,120
"java.io.BufferedOutputStream",5,200
"java.io.FileOutputStream",5,160
"java.io.OutputStreamWriter",5,120
"java.lang.invoke.LambdaForm$NamedFunction[ ]",5,240
"java.lang.invoke.VarHandle$AccessType",5,160
"java.net.HostPortrange",5,160
"java.net.URLPermission",5,240
"java.net.URLPermission$Authority",5,80
"java.rmi.MarshalledObject",5,160
"java.rmi.MarshalledObject$MarshalledObjectInputStream",5,360
"java.security.Permission[ ]",5,120
"java.security.PermissionsHash",5,120
"java.time.format.DateTimeFormatterBuilder$OffsetIdPrinterParser",5,120
"java.time.format.SignStyle",5,120
"java.util.ArrayList$ArrayListSpliterator",5,160
"java.util.ArrayList$SubList$2",5,160
"java.util.Comparator$$Lambda.0x00000008004c8278",5,80
"java.util.IdentityHashMap$KeyIterator",5,200
"java.util.Optional",5,80
"java.util.concurrent.ConcurrentHashMap$EntrySetView",5,80
"java.util.concurrent.ThreadPoolExecutor$Worker",5,240
"java.util.concurrent.atomic.LongAdder",5,160
"java.util.regex.Pattern$Ques",5,120
"java.util.stream.ReferencePipeline$2",5,280
"java.util.stream.ReferencePipeline$2$1",5,120
"java.util.stream.StreamOpFlag$Type",5,120
"javax.management.MBeanPermission",5,200
"javax.management.NotificationBroadcasterSupport",5,120
"javax.management.remote.rmi.RMIConnectionImpl$6",5,120
"javax.management.remote.rmi.RMIConnectionImpl$7",5,120
"jdk.internal.math.FloatingDecimal$PreparedASCIIToBinaryBuffer",5,120
"jdk.internal.module.ServicesCatalog",5,80
"jdk.proxy2.$Proxy20",5,80
"jdk.proxy2.$Proxy42",5,80
"org.apache.catalina.core.StandardPipeline",5,200
"org.apache.catalina.webresources.EmptyResource",5,120
"org.springframework.asm.Type[ ]",5,136
"org.springframework.boot.ansi.AnsiStyle",5,160
"org.springframework.boot.autoconfigure.condition.OnThreadingCondition",5,80
"org.springframework.boot.logging.logback.RollingPolicySystemProperty",5,200
"org.springframework.context.annotation.FilterType",5,120
"org.springframework.core.ReactiveAdapterRegistry$ReactorAdapter",5,120
"org.springframework.core.ReactiveTypeDescriptor",5,120
"org.springframework.http.HttpStatus$Series",5,160
"org.springframework.http.ProblemDetail",5,200
"org.springframework.http.converter.ResourceHttpMessageConverter",5,160
"org.springframework.http.server.DefaultPathContainer$$Lambda.0x00000008006d62b0",5,80
"org.springframework.http.server.DefaultPathContainer$$Lambda.0x00000008006d64c8",5,80
"org.springframework.http.server.DefaultPathContainer$$Lambda.0x00000008006d66e0",5,120
"org.springframework.validation.DataBinder$ExtendedTypeConverter",5,240
"org.springframework.web.method.annotation.SessionAttributesHandler",5,160
"org.springframework.web.servlet.ModelAndView",5,160
"org.springframework.web.servlet.handler.AbstractHandlerMapping$CorsInterceptor",5,120
"org.springframework.web.servlet.handler.AbstractUrlHandlerMapping$$Lambda.0x00000008006d71e0",5,80
"org.springframework.web.servlet.handler.AbstractUrlHandlerMapping$PathExposingHandlerInterceptor",5,120
"org.springframework.web.servlet.mvc.method.RequestMappingInfoHandlerMapping$PartialMatchHelper",5,80
"org.springframework.web.servlet.resource.NoResourceFoundException",5,240
"sun.invoke.util.Wrapper[ ]",5,336
"sun.nio.ch.ChannelInputStream",5,160
"sun.nio.fs.UnixChannelFactory$Flags",5,120
"sun.util.locale.provider.LocaleProviderAdapter$Type",5,200
"sun.util.locale.provider.LocaleResources",5,200
"ca.concordia.encs.citydata.core.RouteController$$Lambda.0x0000000800679c00",4,64
"ch.qos.logback.core.pattern.parser.Token",4,96
"ch.qos.logback.core.subst.Token",4,96
"com.fasterxml.jackson.annotation.JsonCreator$Mode",4,96
"com.fasterxml.jackson.annotation.JsonProperty$Access",4,96
"com.fasterxml.jackson.core.Base64Variant",4,160
"com.fasterxml.jackson.core.Version",4,160
"com.fasterxml.jackson.core.sym.ByteQuadsCanonicalizer",4,288
"com.fasterxml.jackson.core.sym.ByteQuadsCanonicalizer$TableInfo",4,160
"com.fasterxml.jackson.core.sym.CharsToNameCanonicalizer",4,256
"com.fasterxml.jackson.core.sym.CharsToNameCanonicalizer$Bucket[ ]",4,576
"com.fasterxml.jackson.core.sym.CharsToNameCanonicalizer$TableInfo",4,128
"com.fasterxml.jackson.core.util.Separators$Spacing",4,128
"com.fasterxml.jackson.databind.DeserializationConfig",4,384
"com.fasterxml.jackson.databind.MappingJsonFactory",4,320
"com.fasterxml.jackson.databind.ObjectMapper",4,288
"com.fasterxml.jackson.databind.SerializationConfig",4,352
"com.fasterxml.jackson.databind.cfg.CoercionAction",4,96
"com.fasterxml.jackson.databind.cfg.CoercionConfigs",4,128
"com.fasterxml.jackson.databind.cfg.ConfigOverrides",4,160
"com.fasterxml.jackson.databind.cfg.ConstructorDetector",4,96
"com.fasterxml.jackson.databind.cfg.ConstructorDetector$SingleArgConstructor",4,96
"com.fasterxml.jackson.databind.cfg.MutableCoercionConfig",4,96
"com.fasterxml.jackson.databind.deser.DefaultDeserializationContext$Impl",4,288
"com.fasterxml.jackson.databind.deser.DeserializerCache",4,96
"com.fasterxml.jackson.databind.introspect.BasicClassIntrospector",4,64
"com.fasterxml.jackson.databind.introspect.SimpleMixInResolver",4,96
"com.fasterxml.jackson.databind.jsontype.impl.StdSubtypeResolver",4,64
"com.fasterxml.jackson.databind.module.SimpleDeserializers",4,96
"com.fasterxml.jackson.databind.module.SimpleKeyDeserializers",4,64
"com.fasterxml.jackson.databind.ser.SerializerCache",4,96
"com.fasterxml.jackson.databind.ser.impl.IndexedListSerializer",4,192
"com.fasterxml.jackson.databind.type.TypeModifier[ ]",4,96
"com.fasterxml.jackson.databind.util.RootNameLookup",4,64
"com.fasterxml.jackson.datatype.jdk8.Jdk8Deserializers",4,64
"com.fasterxml.jackson.datatype.jdk8.Jdk8Serializers",4,64
"com.fasterxml.jackson.datatype.jdk8.Jdk8TypeModifier",4,64
"com.fasterxml.jackson.datatype.jsr310.JavaTimeModule",4,288
"com.fasterxml.jackson.datatype.jsr310.JavaTimeModule$1",4,64
"com.fasterxml.jackson.datatype.jsr310.deser.JavaTimeDeserializerModifier",4,64
"com.fasterxml.jackson.datatype.jsr310.ser.JavaTimeSerializerModifier",4,64
"com.fasterxml.jackson.datatype.jsr310.ser.ZoneIdSerializer",4,64
"com.fasterxml.jackson.module.paramnames.ParameterExtractor",4,64
"com.fasterxml.jackson.module.paramnames.ParameterNamesAnnotationIntrospector",4,96
"com.jprofiler.agent.util.a.a.b.h$c[ ]",4,128
"com.jprofiler.agent.util.a.b.af",4,160
"com.sun.jmx.mbeanserver.DefaultMXBeanMappingFactory$ArrayMapping",4,128
"com.sun.jmx.mbeanserver.DefaultMXBeanMappingFactory$EnumMapping",4,128
"com.sun.org.apache.xalan.internal.utils.XMLSecurityPropertyManager",4,96
"com.sun.org.apache.xalan.internal.xsltc.trax.TransformerFactoryImpl",4,480
"com.sun.org.apache.xerces.internal.utils.XMLSecurityManager",4,160
"com.sun.org.apache.xerces.internal.utils.XMLSecurityPropertyManager",4,96
"io.netty.util.internal.logging.LocationAwareSlf4JLogger",4,96
"java.beans.MethodRef",4,96
"java.io.EOFException",4,160
"java.io.FileInputStream",4,128
"java.io.RandomAccessFile",4,160
"java.lang.ThreadGroup",4,192
"java.lang.module.ModuleDescriptor$Modifier",4,128
"java.lang.module.ModuleDescriptor$Requires$Modifier",4,128
"java.nio.file.attribute.PosixFilePermissions$1",4,64
"java.text.Normalizer$Form",4,96
"java.time.format.DateTimeFormatterBuilder$SettingsParser",4,96
"java.time.format.FormatStyle",4,96
"java.util.Comparator$$Lambda.0x0000000800341a98",4,64
"java.util.HashMap$EntrySpliterator",4,160
"java.util.ImmutableCollections$MapN$1",4,64
"java.util.ImmutableCollections$MapN$MapNIterator",4,96
"java.util.function.Function$$Lambda.0x00000008004cc8a0",4,96
"java.util.jar.JarFile",4,224
"java.util.jar.JarFile$JarFileEntry",4,416
"java.util.regex.Pattern$Qtype",4,96
"java.util.stream.Collector$Characteristics[ ]",4,104
"java.util.stream.Collectors$$Lambda.0x00000008004cc1f8",4,96
"java.util.stream.FindOps$FindOp",4,128
"java.util.stream.StreamShape",4,96
"javax.management.MBeanConstructorInfo",4,128
"javax.xml.catalog.CatalogFeatures$Builder",4,64
"javax.xml.catalog.CatalogFeatures$Feature",4,160
"jdk.internal.loader.URLClassPath",4,160
"jdk.internal.logger.BootstrapLogger$LoggingBackend",4,128
"jdk.internal.util.OperatingSystem",4,96
"jdk.internal.util.Preconditions$4",4,64
"jdk.jfr.internal.SecuritySupport$SafePath",4,96
"jdk.proxy1.$Proxy9",4,64
"jdk.proxy2.$Proxy24",4,64
"jdk.proxy2.$Proxy44",4,64
"jdk.proxy2.$Proxy47",4,64
"jdk.proxy2.$Proxy8",4,64
"jdk.xml.internal.JdkProperty",4,128
"jdk.xml.internal.JdkXmlFeatures$XmlFeature",4,224
"jdk.xml.internal.TransformErrorListener",4,64
"org.apache.catalina.core.ApplicationFilterConfig",4,128
"org.apache.catalina.webresources.CachedResource",4,384
"org.apache.coyote.ErrorState",4,128
"org.apache.coyote.http11.InputFilter[ ]",4,128
"org.apache.coyote.http11.OutputFilter[ ]",4,128
"org.apache.tomcat.util.descriptor.web.FilterDef",4,224
"org.apache.tomcat.util.descriptor.web.FilterMap",4,160
"org.apache.tomcat.util.http.SameSiteCookies",4,128
"org.apache.tomcat.util.log.UserDataHelper",4,160
"org.apache.tomcat.util.log.UserDataHelper$Config",4,96
"org.apache.tomcat.util.net.AbstractEndpoint$BindState",4,128
"org.apache.tomcat.util.net.Acceptor$AcceptorState",4,96
"org.apache.tomcat.util.threads.InlineExecutorService",4,96
"org.slf4j.helpers.Reporter$Level",4,128
"org.springframework.beans.factory.config.ConstructorArgumentValues$ValueHolder",4,160
"org.springframework.boot.context.config.ConfigDataEnvironmentContributors$BinderOption[ ]",4,88
"org.springframework.boot.convert.ArrayToDelimitedStringConverter",4,64
"org.springframework.boot.convert.DelimitedStringToArrayConverter",4,64
"org.springframework.boot.convert.DelimitedStringToCollectionConverter",4,64
"org.springframework.boot.convert.StringToDataSizeConverter",4,64
"org.springframework.boot.convert.StringToDurationConverter",4,64
"org.springframework.boot.convert.StringToPeriodConverter",4,64
"org.springframework.context.annotation.AnnotationScopeMetadataResolver",4,96
"org.springframework.context.annotation.ScopedProxyMode",4,96
"org.springframework.core.annotation.MergedAnnotations$SearchStrategy",4,96
"org.springframework.core.annotation.TypeMappedAnnotations$IsPresent",4,96
"org.springframework.core.convert.support.ArrayToArrayConverter",4,96
"org.springframework.core.convert.support.ArrayToCollectionConverter",4,64
"org.springframework.core.convert.support.ArrayToObjectConverter",4,64
"org.springframework.core.convert.support.ArrayToStringConverter",4,64
"org.springframework.core.convert.support.ByteBufferConverter",4,64
"org.springframework.core.convert.support.CharacterToNumberFactory",4,64
"org.springframework.core.convert.support.CollectionToCollectionConverter",4,64
"org.springframework.core.convert.support.CollectionToObjectConverter",4,64
"org.springframework.core.convert.support.EnumToIntegerConverter",4,64
"org.springframework.core.convert.support.EnumToStringConverter",4,64
"org.springframework.core.convert.support.FallbackObjectToStringConverter",4,64
"org.springframework.core.convert.support.IdToEntityConverter",4,64
"org.springframework.core.convert.support.IntegerToEnumConverterFactory",4,64
"org.springframework.core.convert.support.MapToMapConverter",4,64
"org.springframework.core.convert.support.NumberToCharacterConverter",4,64
"org.springframework.core.convert.support.NumberToNumberConverterFactory",4,64
"org.springframework.core.convert.support.ObjectToArrayConverter",4,64
"org.springframework.core.convert.support.ObjectToCollectionConverter",4,64
"org.springframework.core.convert.support.ObjectToObjectConverter",4,64
"org.springframework.core.convert.support.ObjectToOptionalConverter",4,64
"org.springframework.core.convert.support.PropertiesToStringConverter",4,64
"org.springframework.core.convert.support.StreamConverter",4,64
"org.springframework.core.convert.support.StringToArrayConverter",4,64
"org.springframework.core.convert.support.StringToBooleanConverter",4,64
"org.springframework.core.convert.support.StringToCharacterConverter",4,64
"org.springframework.core.convert.support.StringToCharsetConverter",4,64
"org.springframework.core.convert.support.StringToCollectionConverter",4,64
"org.springframework.core.convert.support.StringToCurrencyConverter",4,64
"org.springframework.core.convert.support.StringToEnumConverterFactory",4,64
"org.springframework.core.convert.support.StringToLocaleConverter",4,64
"org.springframework.core.convert.support.StringToNumberConverterFactory",4,64
"org.springframework.core.convert.support.StringToPatternConverter",4,64
"org.springframework.core.convert.support.StringToPropertiesConverter",4,64
"org.springframework.core.convert.support.StringToTimeZoneConverter",4,64
"org.springframework.core.convert.support.StringToUUIDConverter",4,64
"org.springframework.core.convert.support.ZoneIdToTimeZoneConverter",4,64
"org.springframework.core.convert.support.ZonedDateTimeToCalendarConverter",4,64
"org.springframework.http.converter.StringHttpMessageConverter",4,128
"org.springframework.http.converter.json.MappingJackson2HttpMessageConverter",4,192
"org.springframework.util.ConcurrentReferenceHashMap$TaskOption",4,96
"org.springframework.web.accept.ContentNegotiationManager",4,96
"org.springframework.web.accept.HeaderContentNegotiationStrategy",4,64
"org.springframework.web.context.request.async.StandardServletAsyncWebRequest$State",4,96
"org.springframework.web.method.annotation.ModelMethodProcessor",4,64
"org.springframework.web.method.annotation.RequestParamMethodArgumentResolver",4,128
"org.springframework.web.servlet.resource.DefaultResourceResolverChain",4,96
"org.springframework.ws.server.EndpointInterceptor[ ]",4,64
"sun.nio.ch.NioSocketImpl",4,320
"sun.reflect.generics.repository.ConstructorRepository",4,128
"sun.reflect.generics.scope.ConstructorScope",4,96
"ch.qos.logback.classic.spi.Configurator$ExecutionStatus",3,72
"ch.qos.logback.core.pattern.FormatInfo",3,72
"ch.qos.logback.core.spi.FilterReply",3,72
"ch.qos.logback.core.subst.Tokenizer$TokenizerState",3,72
"com.fasterxml.jackson.core.Base64Variant$PaddingReadBehaviour",3,72
"com.fasterxml.jackson.databind.PropertyMetadata",3,120
"com.fasterxml.jackson.databind.PropertyName",3,72
"com.fasterxml.jackson.databind.ser.impl.ReadOnlyClassToSerializerMap",3,72
"com.fasterxml.jackson.databind.ser.impl.ReadOnlyClassToSerializerMap$Bucket[ ]",3,272
"com.fasterxml.jackson.databind.ser.std.NumberSerializer",3,72
"com.fasterxml.jackson.datatype.jsr310.JavaTimeFeature",3,96
"com.fasterxml.jackson.datatype.jsr310.deser.InstantDeserializer",3,168
"com.fasterxml.jackson.datatype.jsr310.deser.JSR310StringParsableDeserializer",3,96
"com.google.gson.Strictness",3,72
"com.jprofiler.agent.mbean.h$a",3,72
"com.jprofiler.agent.probe.a.f.g",3,96
"com.jprofiler.agent.probe.d.e",3,48
"com.jprofiler.agent.probe.i.h",3,72
"com.jprofiler.agent.probe.l",3,72
"com.jprofiler.agent.util.a.b.aa$b",3,48
"com.jprofiler.agent.util.a.e",3,168
"com.jprofiler.agent.util.a.e$a[ ]",3,240
"com.jprofiler.api.agent.ProbeObjectType",3,96
"com.sun.management.internal.GarbageCollectorExtImpl",3,144
"com.sun.org.apache.xerces.internal.impl.PropertyManager",3,72
"com.sun.org.apache.xerces.internal.impl.dv.dtd.ListDatatypeValidator",3,48
"com.sun.org.apache.xerces.internal.utils.XMLSecurityManager$NameMap",3,96
"com.sun.org.apache.xpath.internal.axes.WalkingIterator",3,312
"com.sun.proxy.jdk.proxy1.$Proxy66",3,48
"com.sun.xml.internal.stream.XMLInputFactoryImpl",3,72
"float[ ]",3,96
"jakarta.servlet.SessionTrackingMode",3,72
"java.io.BufferedInputStream",3,144
"java.io.BufferedWriter",3,120
"java.io.ObjectInputFilter$Status",3,72
"java.lang.ProcessImpl$LaunchMechanism",3,72
"java.lang.Runtime$Version",3,96
"java.lang.StackStreamFactory$WalkerState",3,72
"java.lang.StackWalker$Option",3,72
"java.lang.WeakPairMap",3,72
"java.lang.annotation.RetentionPolicy",3,72
"java.lang.invoke.InvokerBytecodeGenerator$ClassData",3,72
"java.lang.invoke.LambdaForm$BasicType[ ]",3,120
"java.lang.invoke.LambdaForm[ ]",3,624
"java.lang.invoke.MethodHandleImpl$ArrayAccess",3,72
"java.lang.invoke.VarHandleBooleans$FieldInstanceReadWrite",3,120
"java.net.Socket",3,120
"java.net.StandardProtocolFamily",3,72
"java.nio.DirectByteBufferR",3,192
"java.nio.charset.CodingErrorAction",3,48
"java.nio.file.attribute.PosixFilePermission[ ]",3,144
"java.rmi.dgc.VMID",3,72
"java.rmi.server.Operation[ ]",3,88
"java.security.SecureRandom",3,192
"java.text.AttributedCharacterIterator$Attribute",3,48
"java.time.ZoneOffset[ ]",3,760
"java.time.ZoneRegion",3,72
"java.time.format.DateTimeFormatterBuilder$NanosPrinterParser",3,120
"java.time.format.DateTimeFormatterBuilder$StringLiteralPrinterParser",3,48
"java.time.format.ResolverStyle",3,72
"java.time.temporal.JulianFields$Field",3,144
"java.time.zone.ZoneOffsetTransitionRule$TimeDefinition",3,72
"java.util.Comparator$$Lambda.0x00000008004caff0",3,72
"java.util.HexFormat",3,96
"java.util.ResourceBundle$NoFallbackControl",3,48
"java.util.concurrent.ConcurrentHashMap$ReservationNode",3,96
"java.util.concurrent.ConcurrentSkipListMap$Node",3,72
"java.util.concurrent.CountDownLatch",3,48
"java.util.concurrent.CountDownLatch$Sync",3,96
"java.util.concurrent.RunnableScheduledFuture[ ]",3,240
"java.util.concurrent.ScheduledThreadPoolExecutor",3,240
"java.util.concurrent.ScheduledThreadPoolExecutor$DelayedWorkQueue",3,96
"java.util.logging.ErrorManager",3,48
"java.util.logging.Level[ ]",3,160
"java.util.regex.Pattern$Dollar",3,72
"java.util.stream.Collector$Characteristics",3,72
"java.util.stream.MatchOps$MatchKind",3,96
"java.util.zip.ZipCoder$Comparison",3,72
"java.util.zip.ZipFile$Source",3,240
"java.util.zip.ZipFile$Source$Key",3,72
"javax.management.openmbean.OpenMBeanOperationInfoSupport",3,168
"jdk.internal.icu.util.CodePointTrie$ValueWidth",3,72
"jdk.internal.loader.URLClassPath$JarLoader",3,144
"jdk.internal.math.FloatingDecimal$ExceptionalBinaryToASCIIBuffer",3,72
"jdk.internal.misc.InnocuousThread",3,360
"jdk.internal.misc.Signal",3,72
"jdk.internal.util.ClassFileDumper",3,96
"jdk.proxy2.$Proxy21",3,48
"jdk.proxy2.$Proxy34",3,48
"jdk.proxy2.$Proxy53",3,48
"jdk.xml.internal.XMLSecurityManager$NameMap",3,96
"org.apache.catalina.WebResourceLockSet$ResourceLock",3,72
"org.apache.catalina.WebResourceRoot$ArchiveIndexStrategy",3,96
"org.apache.catalina.authenticator.AuthenticatorBase$AllowCorsPreflight",3,72
"org.apache.catalina.mapper.Mapper$MappedWrapper[ ]",3,56
"org.apache.catalina.realm.RealmBase$AllRolesMode",3,48
"org.apache.coyote.ContinueResponseTiming",3,96
"org.apache.coyote.http11.Http11InputBuffer$HeaderParseStatus",3,72
"org.apache.tomcat.util.buf.EncodedSolidusHandling",3,96
"org.apache.tomcat.util.buf.UDecoder$DecodeException",3,120
"org.apache.tomcat.util.http.ConcurrentDateFormat",3,96
"org.apache.tomcat.util.http.parser.SkipResult",3,72
"org.apache.tomcat.util.log.UserDataHelper$Mode",3,72
"org.apache.tomcat.util.net.SendfileState",3,72
"org.slf4j.helpers.BasicMarkerFactory",3,48
"org.springframework.beans.AbstractNestablePropertyAccessor$PropertyTokenHolder",3,72
"org.springframework.beans.factory.annotation.AutowiredAnnotationBeanPostProcessor$AutowiredMethodElement",3,120
"org.springframework.boot.Banner$Mode",3,72
"org.springframework.boot.WebApplicationType",3,72
"org.springframework.boot.ansi.AnsiOutput$Enabled",3,72
"org.springframework.boot.autoconfigure.cache.CacheCondition",3,48
"org.springframework.boot.autoconfigure.condition.ConditionalOnWebApplication$Type",3,72
"org.springframework.boot.autoconfigure.condition.SearchStrategy",3,72
"org.springframework.boot.autoconfigure.web.ErrorProperties$IncludeAttribute",3,72
"org.springframework.boot.context.config.ConfigData$Option",3,72
"org.springframework.boot.context.config.ConfigData$Options",3,48
"org.springframework.boot.context.properties.source.ConfigurationPropertyName$Form",3,72
"org.springframework.boot.context.properties.source.ConfigurationPropertyName[ ]",3,80
"org.springframework.boot.context.properties.source.ConfigurationPropertyState",3,72
"org.springframework.boot.http.client.ClientHttpRequestFactorySettings$Redirects",3,72
"org.springframework.boot.loader.zip.ZipContent$Kind",3,72
"org.springframework.boot.loader.zip.ZipString$CompareType",3,72
"org.springframework.boot.origin.OriginTrackedValue$OriginTrackedCharSequence",3,72
"org.springframework.boot.origin.TextResourceOrigin",3,72
"org.springframework.boot.origin.TextResourceOrigin$Location",3,72
"org.springframework.boot.sql.init.DatabaseInitializationMode",3,72
"org.springframework.cglib.core.ClassLoaderAwareGeneratorStrategy$$Lambda.0x000000080041d4a0",3,48
"org.springframework.cglib.core.WeakCacheKey",3,96
"org.springframework.cglib.proxy.Enhancer$EnhancerFactoryData",3,96
"org.springframework.cglib.proxy.Enhancer$EnhancerKey",3,120
"org.springframework.cglib.proxy.MethodProxy$CreateInfo",3,96
"org.springframework.context.annotation.ComponentScan$Filter[ ]",3,56
"org.springframework.context.annotation.ConditionEvaluator",3,48
"org.springframework.context.annotation.ConditionEvaluator$ConditionContextImpl",3,96
"org.springframework.context.annotation.ConfigurationClassEnhancer$BeanFactoryAwareGeneratorStrategy",3,72
"org.springframework.core.annotation.MergedAnnotation$Adapt[ ]",3,72
"org.springframework.core.annotation.PackagesAnnotationFilter",3,72
"org.springframework.core.convert.Property",3,120
"org.springframework.core.io.Resource[ ]",3,80
"org.springframework.core.type.filter.AnnotationTypeFilter",3,72
"org.springframework.expression.spel.SpelCompilerMode",3,72
"org.springframework.format.annotation.DurationFormat$Style",3,72
"org.springframework.format.datetime.DateTimeFormatAnnotationFormatterFactory",3,48
"org.springframework.format.datetime.standard.DateTimeConverters$CalendarToInstantConverter",3,48
"org.springframework.format.datetime.standard.DateTimeConverters$CalendarToLocalDateConverter",3,48
"org.springframework.format.datetime.standard.DateTimeConverters$CalendarToLocalDateTimeConverter",3,48
"org.springframework.format.datetime.standard.DateTimeConverters$CalendarToLocalTimeConverter",3,48
"org.springframework.format.datetime.standard.DateTimeConverters$CalendarToOffsetDateTimeConverter",3,48
"org.springframework.format.datetime.standard.DateTimeConverters$CalendarToZonedDateTimeConverter",3,48
"org.springframework.format.datetime.standard.DateTimeConverters$InstantToLongConverter",3,48
"org.springframework.format.datetime.standard.DateTimeConverters$LocalDateTimeToLocalDateConverter",3,48
"org.springframework.format.datetime.standard.DateTimeConverters$LocalDateTimeToLocalTimeConverter",3,48
"org.springframework.format.datetime.standard.DateTimeConverters$LongToInstantConverter",3,48
"org.springframework.format.datetime.standard.DateTimeConverters$OffsetDateTimeToInstantConverter",3,48
"org.springframework.format.datetime.standard.DateTimeConverters$OffsetDateTimeToLocalDateConverter",3,48
"org.springframework.format.datetime.standard.DateTimeConverters$OffsetDateTimeToLocalDateTimeConverter",3,48
"org.springframework.format.datetime.standard.DateTimeConverters$OffsetDateTimeToLocalTimeConverter",3,48
"org.springframework.format.datetime.standard.DateTimeConverters$OffsetDateTimeToZonedDateTimeConverter",3,48
"org.springframework.format.datetime.standard.DateTimeConverters$ZonedDateTimeToInstantConverter",3,48
"org.springframework.format.datetime.standard.DateTimeConverters$ZonedDateTimeToLocalDateConverter",3,48
"org.springframework.format.datetime.standard.DateTimeConverters$ZonedDateTimeToLocalDateTimeConverter",3,48
"org.springframework.format.datetime.standard.DateTimeConverters$ZonedDateTimeToLocalTimeConverter",3,48
"org.springframework.format.datetime.standard.DateTimeConverters$ZonedDateTimeToOffsetDateTimeConverter",3,48
"org.springframework.format.datetime.standard.DateTimeFormatterRegistrar$Type",3,72
"org.springframework.format.datetime.standard.DurationFormatAnnotationFormatterFactory",3,48
"org.springframework.format.datetime.standard.DurationFormatter",3,72
"org.springframework.format.datetime.standard.InstantFormatter",3,48
"org.springframework.format.datetime.standard.Jsr310DateTimeFormatAnnotationFormatterFactory",3,48
"org.springframework.format.datetime.standard.MonthDayFormatter",3,48
"org.springframework.format.datetime.standard.MonthFormatter",3,48
"org.springframework.format.datetime.standard.PeriodFormatter",3,48
"org.springframework.format.datetime.standard.YearFormatter",3,48
"org.springframework.format.datetime.standard.YearMonthFormatter",3,48
"org.springframework.format.number.NumberFormatAnnotationFormatterFactory",3,48
"org.springframework.http.converter.ByteArrayHttpMessageConverter",3,72
"org.springframework.http.converter.ResourceRegionHttpMessageConverter",3,72
"org.springframework.http.converter.xml.Jaxb2RootElementHttpMessageConverter",3,120
"org.springframework.util.ConcurrentLruCache$CacheEntryState",3,72
"org.springframework.web.context.request.async.WebAsyncManager$State",3,72
"org.springframework.web.method.annotation.MapMethodProcessor",3,48
"org.springframework.web.servlet.mvc.method.annotation.AbstractMessageConverterMethodArgumentResolver$ConverterType",3,72
"org.springframework.web.servlet.mvc.method.annotation.HttpEntityMethodProcessor",3,120
"org.springframework.web.servlet.mvc.method.annotation.PrincipalMethodArgumentResolver",3,48
"org.springframework.web.servlet.mvc.method.annotation.RequestAttributeMethodArgumentResolver",3,72
"org.springframework.web.servlet.mvc.method.annotation.RequestResponseBodyMethodProcessor",3,120
"org.springframework.web.servlet.mvc.method.annotation.ServletRequestMethodArgumentResolver",3,48
"org.springframework.web.servlet.mvc.method.annotation.ServletResponseMethodArgumentResolver",3,48
"org.springframework.web.servlet.mvc.method.annotation.SessionAttributeMethodArgumentResolver",3,72
"reactor.util.Loggers$Slf4JLogger",3,48
"sun.invoke.util.ValueConversions$WrapperCache[ ]",3,112
"sun.management.ManagementFactoryHelper$1",3,72
"sun.nio.ch.NioSocketImpl$$Lambda.0x00000008005ee388",3,48
"sun.nio.ch.SocketDispatcher",3,48
"sun.nio.cs.UTF_8$Decoder",3,120
"sun.nio.fs.UnixFileAttributes",3,408
"sun.nio.fs.UnixFileAttributes$UnixAsBasicFileAttributes",3,48
"sun.reflect.annotation.AnnotationParser$$Lambda.0x00000008001dcc60",3,96
"sun.rmi.transport.LiveRef",3,96
"sun.rmi.transport.SequenceEntry",3,72
"sun.rmi.transport.Target",3,168
"sun.rmi.transport.WeakRef",3,120
"sun.security.provider.NativePRNG",3,48
"sun.security.provider.NativePRNG$RandomIO",3,216
"sun.security.provider.NativePRNG$Variant",3,72
"ch.qos.logback.core.Appender[ ]",2,40
"ch.qos.logback.core.filter.Filter[ ]",2,40
"ch.qos.logback.core.joran.spi.ConsoleTarget",2,64
"ch.qos.logback.core.spi.LogbackLock",2,32
"ch.qos.logback.core.subst.Node$Type",2,48
"ch.qos.logback.core.util.COWArrayList",2,64
"ch.qos.logback.core.util.CachingDateFormatter",2,48
"ch.qos.logback.core.util.CachingDateFormatter$CacheTuple",2,48
"ch.qos.logback.core.util.StatusPrinter2",2,32
"com.fasterxml.jackson.annotation.PropertyAccessor[ ]",2,96
"com.fasterxml.jackson.core.JsonGenerator$Feature[ ]",2,144
"com.fasterxml.jackson.core.JsonParser$Feature[ ]",2,192
"com.fasterxml.jackson.core.StreamWriteCapability",2,64
"com.fasterxml.jackson.core.util.Separators",2,96
"com.fasterxml.jackson.databind.AnnotationIntrospector$ReferenceProperty$Type",2,48
"com.fasterxml.jackson.databind.DeserializationFeature[ ]",2,272
"com.fasterxml.jackson.databind.MapperFeature[ ]",2,320
"com.fasterxml.jackson.databind.SerializationFeature[ ]",2,240
"com.fasterxml.jackson.databind.cfg.EnumFeature",2,64
"com.fasterxml.jackson.databind.cfg.EnumFeature[ ]",2,48
"com.fasterxml.jackson.databind.cfg.JsonNodeFeature[ ]",2,80
"com.fasterxml.jackson.databind.introspect.VisibilityChecker$Std",2,64
"com.fasterxml.jackson.databind.ser.impl.PropertySerializerMap$Empty",2,32
"com.fasterxml.jackson.databind.ser.std.BooleanSerializer",2,48
"com.fasterxml.jackson.databind.ser.std.MapSerializer",2,144
"com.fasterxml.jackson.databind.ser.std.NumberSerializers$DoubleSerializer",2,64
"com.fasterxml.jackson.databind.ser.std.NumberSerializers$IntegerSerializer",2,64
"com.fasterxml.jackson.databind.ser.std.NumberSerializers$LongSerializer",2,64
"com.fasterxml.jackson.databind.type.ArrayType",2,112
"com.fasterxml.jackson.databind.type.ResolvedRecursiveType",2,112
"com.fasterxml.jackson.databind.util.ArrayIterator",2,48
"com.fasterxml.jackson.databind.util.internal.PrivateMaxEntriesMap$AddTask",2,48
"com.fasterxml.jackson.databind.util.internal.PrivateMaxEntriesMap$EntrySet",2,48
"com.google.gson.FormattingStyle",2,48
"com.google.gson.internal.bind.JsonAdapterAnnotationTypeAdapterFactory$DummyTypeAdapterFactory",2,32
"com.google.gson.internal.bind.TypeAdapters$34",2,48
"com.jprofiler.agent.f.a.d[ ]",2,32
"com.jprofiler.agent.f.a.f[ ]",2,32
"com.jprofiler.agent.f.a.g[ ]",2,32
"com.jprofiler.agent.probe.a.a.f",2,64
"com.jprofiler.agent.probe.a.a.j",2,64
"com.jprofiler.agent.probe.a.a.k",2,64
"com.jprofiler.agent.probe.a.e.f",2,64
"com.jprofiler.agent.probe.g.d[ ]",2,112
"com.jprofiler.agent.probe.h.a",2,96
"com.jprofiler.agent.probe.structures.g",2,144
"com.jprofiler.agent.probe.structures.g$a",2,80
"com.jprofiler.agent.probe.structures.g$a[ ]",2,48
"com.jprofiler.agent.util.a.b.x",2,160
"com.sun.jmx.mbeanserver.ClassLoaderRepositorySupport$LoaderEntry",2,48
"com.sun.jmx.mbeanserver.ClassLoaderRepositorySupport$LoaderEntry[ ]",2,40
"com.sun.jmx.mbeanserver.DefaultMXBeanMappingFactory$TabularMapping",2,80
"com.sun.jmx.mbeanserver.MBeanIntrospector$MBeanInfoMap",2,96
"com.sun.jmx.mbeanserver.MBeanIntrospector$PerInterfaceMap",2,96
"com.sun.jmx.mbeanserver.WeakIdentityHashMap",2,48
"com.sun.org.apache.xalan.internal.utils.XMLSecurityPropertyManager$Property",2,64
"com.sun.org.apache.xerces.internal.impl.dv.dtd.ENTITYDatatypeValidator",2,32
"com.sun.org.apache.xerces.internal.utils.XMLSecurityPropertyManager$Property",2,64
"com.sun.org.apache.xpath.internal.jaxp.XPathFactoryImpl",2,64
"com.sun.security.sasl.gsskerb.JdkSASL$ProviderService",2,128
"io.netty.util.internal.logging.Slf4JLoggerFactory",2,32
"jakarta.servlet.DispatcherType[ ]",2,80
"jakarta.servlet.SessionTrackingMode[ ]",2,64
"java.io.ClassCache$1",2,64
"java.io.File$PathStatus",2,48
"java.io.PrintStream",2,96
"java.lang.Boolean",2,32
"java.lang.Float",2,32
"java.lang.ModuleLayer",2,80
"java.lang.OutOfMemoryError[ ]",2,80
"java.lang.Process$PipeInputStream",2,64
"java.lang.ProcessHandleImpl",2,64
"java.lang.ProcessImpl$ProcessPipeInputStream",2,96
"java.lang.Shutdown$Lock",2,32
"java.lang.StackWalker",2,80
"java.lang.StackWalker$Option[ ]",2,64
"java.lang.String[ ][ ]",2,160
"java.lang.System$Logger$Level[ ]",2,96
"java.lang.annotation.Annotation[ ][ ]",2,48
"java.lang.annotation.RetentionPolicy[ ]",2,64
"java.lang.invoke.BoundMethodHandle$Species_LI",2,80
"java.lang.invoke.BoundMethodHandle$Species_LLLLLLL",2,128
"java.lang.invoke.InvokerBytecodeGenerator",2,128
"java.lang.invoke.MethodHandleImpl$WrappedMember",2,96
"java.lang.invoke.MethodHandle[ ][ ]",2,80
"java.lang.invoke.MethodHandles$Lookup$ClassOption",2,64
"java.lang.invoke.VarHandleByteArrayAsInts$ArrayHandle",2,64
"java.lang.invoke.VarHandleByteArrayAsLongs$ArrayHandle",2,64
"java.lang.invoke.VarHandleLongs$FieldInstanceReadWrite",2,80
"java.lang.management.MemoryType",2,64
"java.lang.module.Configuration",2,80
"java.lang.ref.Cleaner",2,32
"java.lang.ref.NativeReferenceQueue",2,80
"java.lang.ref.NativeReferenceQueue$Lock",2,32
"java.lang.ref.ReferenceQueue$Null",2,64
"java.net.InetAddress$CachedLookup",2,80
"java.net.Socket$SocketInputStream",2,48
"java.net.Socket$SocketOutputStream",2,48
"java.net.SocketPermissionCollection",2,48
"java.net.URL[ ]",2,616
"java.nio.ByteOrder",2,32
"java.nio.DirectIntBufferRU",2,112
"java.nio.channels.spi.AbstractInterruptibleChannel$1",2,32
"java.nio.charset.CoderResult[ ]",2,64
"java.text.DateFormat$Field[ ]",2,200
"java.time.DayOfWeek[ ]",2,96
"java.time.LocalDateTime[ ]",2,1416
"java.time.Month[ ]",2,128
"java.time.format.DateTimeFormatterBuilder$1",2,32
"java.time.format.DateTimeFormatterBuilder$ZoneIdPrinterParser",2,48
"java.time.format.DateTimeFormatterBuilder$ZoneTextPrinterParser",2,80
"java.time.format.DateTimeTextProvider$LocaleStore",2,48
"java.time.temporal.IsoFields$Unit",2,64
"java.time.zone.ZoneOffsetTransition",2,64
"java.time.zone.ZoneOffsetTransitionRule",2,96
"java.time.zone.ZoneOffsetTransitionRule[ ]",2,40
"java.time.zone.ZoneRules",2,80
"java.util.AbstractList$ListItr",2,64
"java.util.AbstractMap$1",2,32
"java.util.Collections$SingletonMap",2,80
"java.util.Collections$SynchronizedSet",2,48
"java.util.Comparator$$Lambda.0x00000008001e5fb8",2,32
"java.util.IdentityHashMap$Values",2,32
"java.util.ImmutableCollections$SetN$SetNIterator",2,48
"java.util.Locale$Category",2,96
"java.util.ResourceBundle$SingleFormatControl",2,32
"java.util.concurrent.ConcurrentLinkedDeque$Itr",2,64
"java.util.concurrent.ConcurrentSkipListMap",2,96
"java.util.concurrent.ConcurrentSkipListSet",2,32
"java.util.concurrent.ForkJoinPool",2,720
"java.util.concurrent.ForkJoinPool$WorkQueue[ ]",2,96
"java.util.concurrent.LinkedBlockingQueue",2,96
"java.util.concurrent.SynchronousQueue",2,64
"java.util.concurrent.SynchronousQueue$Transferer",2,48
"java.util.concurrent.ThreadPoolExecutor",2,160
"java.util.concurrent.ThreadPoolExecutor$AbortPolicy",2,32
"java.util.concurrent.atomic.AtomicReferenceArray[ ]",2,64
"java.util.function.BiPredicate$$Lambda.0x00000008001e4c98",2,48
"java.util.jar.JarVerifier",2,128
"java.util.logging.Logger$LoggerBundle",2,48
"java.util.logging.LoggingPermission",2,48
"java.util.regex.Pattern$Begin",2,32
"java.util.regex.Pattern$CharProperty",2,48
"java.util.regex.Pattern$StartS",2,48
"java.util.stream.StreamOpFlag$Type[ ]",2,80
"javax.management.openmbean.TabularType",2,96
"jdk.internal.icu.util.CodePointTrie$Type",2,48
"jdk.internal.math.FloatingDecimal$BinaryToASCIIBuffer",2,80
"jdk.internal.misc.Signal$NativeHandler",2,48
"jdk.internal.misc.ThreadTracker",2,32
"jdk.internal.module.ModuleHashes",2,48
"jdk.internal.module.ModuleResolution",2,32
"jdk.internal.module.ModuleTarget",2,32
"jdk.internal.ref.CleanerImpl",2,48
"jdk.internal.ref.CleanerImpl$CleanerCleanable",2,80
"jdk.internal.reflect.ReflectionFactory$Config",2,48
"jdk.internal.util.OperatingSystem[ ]",2,64
"jdk.jfr.internal.jfc.JFC$KnownConfiguration",2,64
"jdk.proxy2.$Proxy12",2,32
"jdk.proxy2.$Proxy14",2,32
"jdk.proxy2.$Proxy22",2,32
"jdk.proxy2.$Proxy23",2,32
"jdk.proxy2.$Proxy27",2,32
"jdk.proxy2.$Proxy51",2,32
"jdk.proxy2.$Proxy57",2,32
"jdk.proxy2.$Proxy67",2,32
"jdk.xml.internal.XMLSecurityManager$Processor",2,48
"org.apache.catalina.core.StandardWrapper",2,464
"org.apache.catalina.core.StandardWrapperFacade",2,48
"org.apache.catalina.core.StandardWrapperValve",2,144
"org.apache.catalina.deploy.NamingResourcesImpl",2,160
"org.apache.catalina.mapper.Mapper$MappedWrapper",2,48
"org.apache.catalina.util.ErrorPageSupport",2,48
"org.apache.catalina.util.URLEncoder",2,48
"org.apache.coyote.AsyncStateMachine",2,80
"org.apache.coyote.Request",2,416
"org.apache.coyote.RequestInfo",2,176
"org.apache.coyote.Response",2,224
"org.apache.coyote.http11.Http11InputBuffer",2,176
"org.apache.coyote.http11.Http11InputBuffer$HeaderParseData",2,64
"org.apache.coyote.http11.Http11InputBuffer$SocketInputBuffer",2,32
"org.apache.coyote.http11.Http11OutputBuffer",2,112
"org.apache.coyote.http11.Http11OutputBuffer$SocketOutputBuffer",2,32
"org.apache.coyote.http11.Http11Processor",2,208
"org.apache.coyote.http11.filters.BufferedInputFilter",2,64
"org.apache.coyote.http11.filters.ChunkedInputFilter",2,144
"org.apache.coyote.http11.filters.ChunkedOutputFilter",2,80
"org.apache.coyote.http11.filters.GzipOutputFilter",2,48
"org.apache.coyote.http11.filters.GzipOutputFilter$FakeOutputStream",2,48
"org.apache.coyote.http11.filters.IdentityInputFilter",2,80
"org.apache.coyote.http11.filters.IdentityOutputFilter",2,64
"org.apache.coyote.http11.filters.VoidInputFilter",2,32
"org.apache.coyote.http11.filters.VoidOutputFilter",2,32
"org.apache.tomcat.util.buf.UDecoder",2,32
"org.apache.tomcat.util.buf.UEncoder$SafeCharsSet",2,64
"org.apache.tomcat.util.http.CookiesWithoutEquals",2,64
"org.apache.tomcat.util.http.Parameters",2,144
"org.apache.tomcat.util.http.ServerCookie[ ]",2,64
"org.apache.tomcat.util.http.ServerCookies",2,48
"org.apache.tomcat.util.http.parser.HttpHeaderParser",2,64
"org.apache.tomcat.util.http.parser.HttpHeaderParser$HeaderParseData",2,64
"org.apache.tomcat.util.http.parser.HttpParser",2,48
"org.apache.tomcat.util.net.NioChannel",2,64
"org.apache.tomcat.util.net.SocketBufferHandler",2,48
"org.apache.tomcat.util.threads.TaskThreadFactory",2,64
"org.noureddine.joularjx.utils.Scope",2,48
"org.slf4j.helpers.Reporter$TargetChoice",2,48
"org.slf4j.helpers.ThreadLocalMapOfStacks",2,32
"org.springframework.beans.GenericTypeAwarePropertyDescriptor",2,224
"org.springframework.beans.SimpleTypeConverter",2,96
"org.springframework.beans.factory.config.DependencyDescriptor[ ]",2,48
"org.springframework.beans.factory.config.EmbeddedValueResolver",2,48
"org.springframework.beans.factory.support.DefaultListableBeanFactory$PreInstantiation",2,48
"org.springframework.beans.factory.support.NullBean",2,32
"org.springframework.boot.BootstrapRegistry$Scope",2,48
"org.springframework.boot.autoconfigure.cache.CacheType[ ]",2,112
"org.springframework.boot.autoconfigure.condition.ConditionalOnWebApplication$Type[ ]",2,64
"org.springframework.boot.autoconfigure.condition.SearchStrategy[ ]",2,64
"org.springframework.boot.autoconfigure.reactor.ReactorProperties$ContextPropagationMode",2,48
"org.springframework.boot.autoconfigure.thread.Threading[ ]",2,48
"org.springframework.boot.autoconfigure.web.ServerProperties$Jetty$Accesslog$FORMAT",2,48
"org.springframework.boot.autoconfigure.web.WebProperties$LocaleResolver",2,48
"org.springframework.boot.autoconfigure.web.client.NotReactiveWebApplicationCondition",2,48
"org.springframework.boot.autoconfigure.web.servlet.WebMvcProperties$MatchingStrategy",2,48
"org.springframework.boot.availability.AvailabilityChangeEvent",2,64
"org.springframework.boot.availability.LivenessState",2,48
"org.springframework.boot.availability.ReadinessState",2,48
"org.springframework.boot.context.config.ConfigData$AlwaysPropertySourceOptions",2,32
"org.springframework.boot.context.config.ConfigData$Option[ ]",2,64
"org.springframework.boot.context.config.ConfigDataEnvironmentContributor$ImportPhase",2,48
"org.springframework.boot.context.config.ConfigDataLocation",2,48
"org.springframework.boot.context.config.ConfigDataLocation[ ]",2,40
"org.springframework.boot.context.config.LocationResourceLoader$ResourceType",2,48
"org.springframework.boot.context.config.Profiles$Type",2,80
"org.springframework.boot.context.properties.bind.BindConverter",2,32
"org.springframework.boot.context.properties.bind.BindConverter$TypeConverterConversionService",2,48
"org.springframework.boot.context.properties.bind.BindConverter$TypeConverterConverter",2,48
"org.springframework.boot.context.properties.bind.BindMethod",2,48
"org.springframework.boot.context.properties.bind.Bindable$BindRestriction[ ]",2,48
"org.springframework.boot.context.properties.bind.ValueObjectBinder$Discoverer",2,48
"org.springframework.boot.context.properties.source.DefaultPropertyMapper$LastMapping",2,48
"org.springframework.boot.context.properties.source.PropertyMapper[ ]",2,48
"org.springframework.boot.context.properties.source.SpringConfigurationPropertySource",2,48
"org.springframework.boot.context.properties.source.SpringConfigurationPropertySources",2,48
"org.springframework.boot.context.properties.source.SystemEnvironmentPropertyMapper$$Lambda.0x0000000800244a38",2,32
"org.springframework.boot.convert.ApplicationConversionService",2,80
"org.springframework.boot.convert.CharArrayFormatter",2,32
"org.springframework.boot.convert.CharSequenceToObjectConverter",2,48
"org.springframework.boot.convert.DurationToNumberConverter",2,32
"org.springframework.boot.convert.DurationToStringConverter",2,32
"org.springframework.boot.convert.InetAddressFormatter",2,32
"org.springframework.boot.convert.InputStreamSourceToByteArrayConverter",2,32
"org.springframework.boot.convert.IsoOffsetFormatter",2,32
"org.springframework.boot.convert.LenientBooleanToEnumConverterFactory",2,32
"org.springframework.boot.convert.LenientStringToEnumConverterFactory",2,32
"org.springframework.boot.convert.NumberToDataSizeConverter",2,32
"org.springframework.boot.convert.NumberToDurationConverter",2,32
"org.springframework.boot.convert.NumberToPeriodConverter",2,32
"org.springframework.boot.convert.PeriodToStringConverter",2,32
"org.springframework.boot.convert.StringToFileConverter",2,32
"org.springframework.boot.http.client.ClientHttpRequestFactorySettings",2,64
"org.springframework.boot.io.Base64ProtocolResolver",2,32
"org.springframework.boot.loader.net.protocol.nested.Handler",2,32
"org.springframework.boot.loader.zip.NameOffsetLookups",2,48
"org.springframework.boot.logging.LogLevel[ ]",2,96
"org.springframework.boot.logging.LoggerGroup",2,48
"org.springframework.boot.logging.logback.EnclosedInSquareBracketsConverter",2,80
"org.springframework.boot.web.server.MimeMappings",2,32
"org.springframework.boot.web.server.Shutdown",2,48
"org.springframework.boot.web.servlet.server.Encoding$Type",2,48
"org.springframework.cglib.core.AbstractClassGenerator$Source",2,32
"org.springframework.cglib.proxy.DispatcherGenerator",2,32
"org.springframework.context.annotation.Bean$Bootstrap",2,48
"org.springframework.context.annotation.Bean$Bootstrap[ ]",2,48
"org.springframework.context.annotation.ConfigurationCondition$ConfigurationPhase",2,48
"org.springframework.context.annotation.FilterType[ ]",2,80
"org.springframework.context.annotation.ScopedProxyMode[ ]",2,64
"org.springframework.context.expression.BeanFactoryResolver",2,32
"org.springframework.context.support.ApplicationListenerDetector",2,48
"org.springframework.core.$Proxy62",2,32
"org.springframework.core.MethodIntrospector$$Lambda.0x0000000800666cc0",2,32
"org.springframework.core.MethodIntrospector$$Lambda.0x0000000800671f40",2,48
"org.springframework.core.NamedInheritableThreadLocal",2,48
"org.springframework.core.NativeDetector$Context",2,64
"org.springframework.core.ResolvableType$WildcardBounds$Kind",2,48
"org.springframework.core.annotation.AnnotationTypeMappings$Cache",2,48
"org.springframework.core.annotation.MergedAnnotation$Adapt",2,48
"org.springframework.core.annotation.MergedAnnotationPredicates$$Lambda.0x0000000800530c48",2,32
"org.springframework.core.annotation.SynthesizedMergedAnnotationInvocationHandler$$Lambda.0x00000008006d5e50",2,48
"org.springframework.core.annotation.SynthesizedMergedAnnotationInvocationHandler$$Lambda.0x00000008006d6090",2,48
"org.springframework.core.annotation.TypeMappedAnnotations$Aggregate",2,64
"org.springframework.core.convert.support.GenericConversionService$NoOpConverter",2,32
"org.springframework.core.env.MutablePropertySources",2,32
"org.springframework.core.env.PropertiesPropertySource",2,48
"org.springframework.expression.TypedValue",2,48
"org.springframework.expression.spel.SpelParserConfiguration",2,64
"org.springframework.expression.spel.standard.SpelExpressionParser",2,32
"org.springframework.expression.spel.support.StandardEvaluationContext",2,128
"org.springframework.format.datetime.standard.DateTimeFormatterRegistrar$Type[ ]",2,64
"org.springframework.http.HttpStatus$Series[ ]",2,80
"org.springframework.http.HttpStatus[ ]",2,592
"org.springframework.http.converter.support.AllEncompassingFormHttpMessageConverter",2,64
"org.springframework.http.server.DefaultPathContainer$DefaultSeparator",2,48
"org.springframework.http.server.PathContainer$Options",2,32
"org.springframework.util.ConcurrentLruCache",2,96
"org.springframework.util.ConcurrentLruCache$AddTask",2,48
"org.springframework.util.ConcurrentLruCache$EvictionQueue",2,48
"org.springframework.util.ConcurrentLruCache$ReadOperations",2,64
"org.springframework.util.ConcurrentLruCache$WriteOperations",2,32
"org.springframework.util.ConcurrentReferenceHashMap$ReferenceType",2,48
"org.springframework.util.ConcurrentReferenceHashMap$Restructure",2,48
"org.springframework.web.cors.CorsConfiguration$OriginPattern",2,48
"org.springframework.web.method.annotation.ExpressionValueMethodArgumentResolver",2,48
"org.springframework.web.method.annotation.RequestParamMapMethodArgumentResolver",2,32
"org.springframework.web.method.support.HandlerMethodReturnValueHandlerComposite",2,32
"org.springframework.web.servlet.mvc.condition.ConsumesRequestCondition",2,48
"org.springframework.web.servlet.mvc.condition.HeadersRequestCondition",2,32
"org.springframework.web.servlet.mvc.condition.ProducesRequestCondition$ProduceMediaTypeExpression",2,48
"org.springframework.web.servlet.mvc.method.annotation.JsonViewResponseBodyAdvice",2,32
"org.springframework.web.servlet.mvc.method.annotation.MatrixVariableMapMethodArgumentResolver",2,32
"org.springframework.web.servlet.mvc.method.annotation.MatrixVariableMethodArgumentResolver",2,48
"org.springframework.web.servlet.mvc.method.annotation.ModelAndViewMethodReturnValueHandler",2,32
"org.springframework.web.servlet.mvc.method.annotation.PathVariableMapMethodArgumentResolver",2,32
"org.springframework.web.servlet.mvc.method.annotation.PathVariableMethodArgumentResolver",2,48
"org.springframework.web.servlet.mvc.method.annotation.RedirectAttributesMethodArgumentResolver",2,32
"org.springframework.web.servlet.mvc.method.annotation.ViewMethodReturnValueHandler",2,32
"org.springframework.web.servlet.mvc.method.annotation.ViewNameMethodReturnValueHandler",2,32
"org.springframework.web.servlet.resource.DefaultResourceTransformerChain",2,48
"org.springframework.web.servlet.resource.PathResourceResolver",2,64
"org.springframework.web.servlet.resource.ResourceHttpRequestHandler",2,240
"org.springframework.web.util.DisconnectedClientHelper",2,32
"org.springframework.web.util.pattern.CaptureVariablePathElement",2,80
"org.springframework.web.util.pattern.WildcardTheRestPathElement",2,64
"org.springframework.ws.server.endpoint.adapter.method.SourcePayloadMethodProcessor",2,48
"org.springframework.ws.server.endpoint.adapter.method.dom.DomPayloadMethodProcessor",2,48
"org.springframework.ws.server.endpoint.adapter.method.jaxb.JaxbElementPayloadMethodProcessor",2,48
"org.springframework.ws.server.endpoint.adapter.method.jaxb.XmlRootElementPayloadMethodProcessor",2,48
"sun.management.MemoryManagerImpl",2,80
"sun.net.www.protocol.file.Handler",2,32
"sun.net.www.protocol.jar.Handler",2,32
"sun.net.www.protocol.jrt.Handler",2,32
"sun.nio.ch.NioSocketImpl$1",2,32
"sun.nio.ch.NioSocketImpl$2",2,32
"sun.nio.cs.StreamDecoder",2,96
"sun.nio.fs.UnixFileKey",2,64
"sun.reflect.generics.tree.ArrayTypeSignature",2,32
"sun.rmi.server.UnicastRef2",2,32
"sun.rmi.server.UnicastServerRef2",2,64
"sun.rmi.server.WeakClassHashMap$ValueCell",2,32
"sun.rmi.transport.DGCImpl$LeaseInfo",2,64
"sun.rmi.transport.tcp.TCPChannel",2,96
"sun.rmi.transport.tcp.TCPConnection",2,112
"sun.rmi.transport.tcp.TCPTransport",2,64
"sun.rmi.transport.tcp.TCPTransport$ConnectionHandler",2,80
"sun.rmi.transport.tcp.TCPTransport$ConnectionHandler$$Lambda.0x0000000800603d50",2,32
"sun.security.jca.ProviderConfig[ ]",2,88
"sun.security.jca.ProviderList",2,48
"sun.security.jca.ProviderList$3",2,48
"sun.security.jgss.SunProvider$ProviderService",2,128
"sun.security.provider.FileInputStreamPool$StreamRef",2,64
"sun.security.provider.FileInputStreamPool$UnclosableInputStream",2,32
"sun.util.locale.provider.LocaleServiceProviderPool",2,48
"sun.util.logging.PlatformLogger$Level[ ]",2,104
"sun.util.resources.LocaleData",2,32
"apple.security.AppleProvider",1,104
"apple.security.AppleProvider$ProviderService",1,64
"boolean[ ][ ]",1,80
"byte[ ][ ]",1,1424
"ca.concordia.encs.citydata.core.AppConfig$$SpringCGLIB$$0",1,32
"ca.concordia.encs.citydata.core.AppConfig$$SpringCGLIB$$FastClass$$0",1,24
"ca.concordia.encs.citydata.core.AppConfig$$SpringCGLIB$$FastClass$$1",1,24
"ca.concordia.encs.citydata.core.Application$$SpringCGLIB$$0",1,40
"ca.concordia.encs.citydata.core.ApplyController",1,16
"ca.concordia.encs.citydata.core.ExistsController",1,16
"ca.concordia.encs.citydata.core.HelloWorldController",1,16
"ca.concordia.encs.citydata.core.ListOperationsController",1,16
"ca.concordia.encs.citydata.core.ListOperationsController$$Lambda.0x000000080067cc28",1,16
"ca.concordia.encs.citydata.core.ListProducerController",1,16
"ca.concordia.encs.citydata.core.ListProducerController$$Lambda.0x00000008006caca8",1,16
"ca.concordia.encs.citydata.core.RouteController",1,16
"ca.concordia.encs.citydata.core.exceptions.GlobalExceptionHandler",1,16
"ca.concordia.encs.citydata.datastores.DiskDatastore",1,16
"ca.concordia.encs.citydata.datastores.InMemoryDataStore",1,24
"ch.qos.logback.classic.BasicConfigurator",1,24
"ch.qos.logback.classic.LoggerContext",1,120
"ch.qos.logback.classic.PatternLayout",1,64
"ch.qos.logback.classic.encoder.PatternLayoutEncoder",1,48
"ch.qos.logback.classic.filter.ThresholdFilter",1,40
"ch.qos.logback.classic.jul.LevelChangePropagator",1,32
"ch.qos.logback.classic.pattern.DateConverter",1,40
"ch.qos.logback.classic.pattern.EnsureExceptionHandling",1,16
"ch.qos.logback.classic.pattern.LevelConverter",1,32
"ch.qos.logback.classic.pattern.LineSeparatorConverter",1,32
"ch.qos.logback.classic.pattern.LoggerConverter",1,48
"ch.qos.logback.classic.pattern.MessageConverter",1,32
"ch.qos.logback.classic.pattern.NamedConverter$CacheMissCalculator",1,24
"ch.qos.logback.classic.pattern.NamedConverter$NameCache",1,72
"ch.qos.logback.classic.pattern.TargetLengthBasedClassNameAbbreviator",1,16
"ch.qos.logback.classic.pattern.ThreadConverter",1,32
"ch.qos.logback.classic.spi.Configurator$ExecutionStatus[ ]",1,32
"ch.qos.logback.classic.spi.LogbackServiceProvider",1,24
"ch.qos.logback.classic.spi.LoggerContextVO",1,32
"ch.qos.logback.classic.spi.TurboFilterList",1,24
"ch.qos.logback.classic.util.ContextInitializer",1,32
"ch.qos.logback.classic.util.ContextInitializer$1",1,16
"ch.qos.logback.classic.util.LogbackMDCAdapter",1,24
"ch.qos.logback.core.BasicStatusManager",1,40
"ch.qos.logback.core.ConsoleAppender",1,64
"ch.qos.logback.core.LifeCycleManager",1,16
"ch.qos.logback.core.helpers.CyclicBuffer",1,32
"ch.qos.logback.core.joran.spi.ConsoleTarget$1",1,16
"ch.qos.logback.core.joran.spi.ConsoleTarget$2",1,16
"ch.qos.logback.core.joran.spi.ConsoleTarget[ ]",1,24
"ch.qos.logback.core.pattern.parser.TokenStream$TokenizerState[ ]",1,40
"ch.qos.logback.core.spi.AppenderAttachableImpl",1,16
"ch.qos.logback.core.spi.ContextAwareImpl",1,24
"ch.qos.logback.core.spi.FilterAttachableImpl",1,16
"ch.qos.logback.core.spi.FilterReply[ ]",1,32
"ch.qos.logback.core.subst.Node$Type[ ]",1,24
"ch.qos.logback.core.subst.Token$Type[ ]",1,40
"ch.qos.logback.core.subst.Tokenizer$TokenizerState[ ]",1,32
"ch.qos.logback.core.util.ExecutorServiceUtil$1",1,24
"char[ ][ ][ ]",1,432
"com.fasterxml.jackson.annotation.JsonAutoDetect$Visibility[ ]",1,40
"com.fasterxml.jackson.annotation.JsonCreator$Mode[ ]",1,32
"com.fasterxml.jackson.annotation.JsonFormat$Feature[ ]",1,64
"com.fasterxml.jackson.annotation.JsonFormat$Features",1,24
"com.fasterxml.jackson.annotation.JsonFormat$Shape[ ]",1,64
"com.fasterxml.jackson.annotation.JsonFormat$Value",1,40
"com.fasterxml.jackson.annotation.JsonIgnoreProperties$Value",1,24
"com.fasterxml.jackson.annotation.JsonInclude$Include[ ]",1,48
"com.fasterxml.jackson.annotation.JsonInclude$Value",1,32
"com.fasterxml.jackson.annotation.JsonIncludeProperties$Value",1,16
"com.fasterxml.jackson.annotation.JsonProperty$Access[ ]",1,32
"com.fasterxml.jackson.annotation.JsonSetter$Value",1,24
"com.fasterxml.jackson.annotation.Nulls[ ]",1,40
"com.fasterxml.jackson.core.Base64Variant$PaddingReadBehaviour[ ]",1,32
"com.fasterxml.jackson.core.ErrorReportConfiguration",1,24
"com.fasterxml.jackson.core.JsonEncoding[ ]",1,40
"com.fasterxml.jackson.core.JsonFactory$Feature[ ]",1,40
"com.fasterxml.jackson.core.JsonParser$NumberType[ ]",1,40
"com.fasterxml.jackson.core.StreamReadConstraints",1,48
"com.fasterxml.jackson.core.StreamWriteCapability[ ]",1,24
"com.fasterxml.jackson.core.StreamWriteConstraints",1,16
"com.fasterxml.jackson.core.io.JsonStringEncoder",1,16
"com.fasterxml.jackson.core.json.JsonWriteFeature[ ]",1,48
"com.fasterxml.jackson.core.util.DefaultPrettyPrinter$FixedSpaceIndenter",1,16
"com.fasterxml.jackson.core.util.DefaultPrettyPrinter$NopIndenter",1,16
"com.fasterxml.jackson.core.util.InternCache",1,72
"com.fasterxml.jackson.core.util.JsonRecyclerPools$ThreadLocalPool",1,16
"com.fasterxml.jackson.core.util.MinimalPrettyPrinter",1,24
"com.fasterxml.jackson.core.util.Separators$Spacing[ ]",1,32
"com.fasterxml.jackson.databind.AbstractTypeResolver[ ]",1,16
"com.fasterxml.jackson.databind.AnnotationIntrospector$ReferenceProperty",1,24
"com.fasterxml.jackson.databind.AnnotationIntrospector$ReferenceProperty$Type[ ]",1,24
"com.fasterxml.jackson.databind.ObjectWriter$GeneratorSettings",1,32
"com.fasterxml.jackson.databind.PropertyName[ ]",1,16
"com.fasterxml.jackson.databind.cfg.CoercionInputShape[ ]",1,56
"com.fasterxml.jackson.databind.cfg.ConfigOverride$Empty",1,48
"com.fasterxml.jackson.databind.cfg.ConstructorDetector$SingleArgConstructor[ ]",1,32
"com.fasterxml.jackson.databind.cfg.ContextAttributes$Impl",1,24
"com.fasterxml.jackson.databind.cfg.DatatypeFeatures",1,32
"com.fasterxml.jackson.databind.cfg.DefaultCacheProvider",1,24
"com.fasterxml.jackson.databind.deser.std.StdKeyDeserializers",1,16
"com.fasterxml.jackson.databind.ext.Java7SupportImpl",1,16
"com.fasterxml.jackson.databind.introspect.AnnotatedClass$Creators",1,24
"com.fasterxml.jackson.databind.introspect.AnnotationCollector$EmptyCollector",1,16
"com.fasterxml.jackson.databind.introspect.AnnotationCollector$NoAnnotations",1,16
"com.fasterxml.jackson.databind.introspect.AnnotationMap[ ]",1,16
"com.fasterxml.jackson.databind.introspect.DefaultAccessorNamingStrategy$Provider",1,32
"com.fasterxml.jackson.databind.introspect.JacksonAnnotationIntrospector",1,24
"com.fasterxml.jackson.databind.introspect.NopAnnotationIntrospector$1",1,16
"com.fasterxml.jackson.databind.jsontype.impl.LaissezFaireSubTypeValidator",1,16
"com.fasterxml.jackson.databind.node.JsonNodeFactory",1,16
"com.fasterxml.jackson.databind.ser.impl.FailingSerializer",1,24
"com.fasterxml.jackson.databind.ser.impl.PropertySerializerMap$Single",1,24
"com.fasterxml.jackson.databind.ser.impl.ReadOnlyClassToSerializerMap$$Lambda.0x000000080065c090",1,24
"com.fasterxml.jackson.databind.ser.impl.StringCollectionSerializer",1,24
"com.fasterxml.jackson.databind.ser.impl.UnknownSerializer",1,16
"com.fasterxml.jackson.databind.ser.std.CalendarSerializer",1,32
"com.fasterxml.jackson.databind.ser.std.CollectionSerializer",1,48
"com.fasterxml.jackson.databind.ser.std.DateSerializer",1,32
"com.fasterxml.jackson.databind.ser.std.NullSerializer",1,16
"com.fasterxml.jackson.databind.ser.std.NumberSerializers$FloatSerializer",1,32
"com.fasterxml.jackson.databind.ser.std.NumberSerializers$IntLikeSerializer",1,32
"com.fasterxml.jackson.databind.ser.std.NumberSerializers$ShortSerializer",1,32
"com.fasterxml.jackson.databind.ser.std.StdKeySerializer",1,16
"com.fasterxml.jackson.databind.ser.std.StdKeySerializers$StringKeySerializer",1,16
"com.fasterxml.jackson.databind.ser.std.StringSerializer",1,16
"com.fasterxml.jackson.databind.ser.std.UUIDSerializer",1,24
"com.fasterxml.jackson.databind.type.LogicalType[ ]",1,72
"com.fasterxml.jackson.databind.util.ClassUtil$Ctor[ ]",1,16
"com.fasterxml.jackson.databind.util.StdDateFormat",1,48
"com.fasterxml.jackson.databind.util.internal.PrivateMaxEntriesMap$DrainStatus$1",1,24
"com.fasterxml.jackson.databind.util.internal.PrivateMaxEntriesMap$DrainStatus$2",1,24
"com.fasterxml.jackson.databind.util.internal.PrivateMaxEntriesMap$DrainStatus$3",1,24
"com.fasterxml.jackson.databind.util.internal.PrivateMaxEntriesMap$DrainStatus[ ]",1,32
"com.fasterxml.jackson.databind.util.internal.PrivateMaxEntriesMap$EntryIterator",1,24
"com.fasterxml.jackson.datatype.jsr310.JavaTimeFeature[ ]",1,32
"com.fasterxml.jackson.datatype.jsr310.deser.DurationDeserializer",1,32
"com.fasterxml.jackson.datatype.jsr310.deser.InstantDeserializer$$Lambda.0x0000000800392710",1,16
"com.fasterxml.jackson.datatype.jsr310.deser.InstantDeserializer$$Lambda.0x0000000800392e08",1,16
"com.fasterxml.jackson.datatype.jsr310.deser.InstantDeserializer$$Lambda.0x0000000800393668",1,16
"com.fasterxml.jackson.datatype.jsr310.deser.InstantDeserializer$$Lambda.0x0000000800393aa8",1,16
"com.fasterxml.jackson.datatype.jsr310.deser.InstantDeserializer$$Lambda.0x0000000800393cd0",1,16
"com.fasterxml.jackson.datatype.jsr310.deser.InstantDeserializer$$Lambda.0x0000000800393f08",1,16
"com.fasterxml.jackson.datatype.jsr310.deser.InstantDeserializer$$Lambda.0x0000000800394140",1,16
"com.fasterxml.jackson.datatype.jsr310.deser.InstantDeserializer$$Lambda.0x0000000800394378",1,16
"com.fasterxml.jackson.datatype.jsr310.deser.InstantDeserializer$$Lambda.0x00000008003945a0",1,16
"com.fasterxml.jackson.datatype.jsr310.deser.InstantDeserializer$$Lambda.0x00000008003947d8",1,16
"com.fasterxml.jackson.datatype.jsr310.deser.InstantDeserializer$$Lambda.0x0000000800394c08",1,16
"com.fasterxml.jackson.datatype.jsr310.deser.InstantDeserializer$$Lambda.0x0000000800395360",1,16
"com.fasterxml.jackson.datatype.jsr310.deser.LocalDateDeserializer",1,32
"com.fasterxml.jackson.datatype.jsr310.deser.LocalDateTimeDeserializer",1,40
"com.fasterxml.jackson.datatype.jsr310.deser.LocalTimeDeserializer",1,40
"com.fasterxml.jackson.datatype.jsr310.deser.MonthDayDeserializer",1,32
"com.fasterxml.jackson.datatype.jsr310.deser.OffsetTimeDeserializer",1,40
"com.fasterxml.jackson.datatype.jsr310.deser.YearDeserializer",1,32
"com.fasterxml.jackson.datatype.jsr310.deser.YearMonthDeserializer",1,32
"com.fasterxml.jackson.datatype.jsr310.deser.key.DurationKeyDeserializer",1,16
"com.fasterxml.jackson.datatype.jsr310.deser.key.InstantKeyDeserializer",1,16
"com.fasterxml.jackson.datatype.jsr310.deser.key.LocalDateKeyDeserializer",1,16
"com.fasterxml.jackson.datatype.jsr310.deser.key.LocalDateTimeKeyDeserializer",1,16
"com.fasterxml.jackson.datatype.jsr310.deser.key.LocalTimeKeyDeserializer",1,16
"com.fasterxml.jackson.datatype.jsr310.deser.key.MonthDayKeyDeserializer",1,16
"com.fasterxml.jackson.datatype.jsr310.deser.key.OffsetDateTimeKeyDeserializer",1,16
"com.fasterxml.jackson.datatype.jsr310.deser.key.OffsetTimeKeyDeserializer",1,16
"com.fasterxml.jackson.datatype.jsr310.deser.key.PeriodKeyDeserializer",1,16
"com.fasterxml.jackson.datatype.jsr310.deser.key.YearKeyDeserializer",1,16
"com.fasterxml.jackson.datatype.jsr310.deser.key.YearMonthKeyDeserializer",1,16
"com.fasterxml.jackson.datatype.jsr310.deser.key.ZoneIdKeyDeserializer",1,16
"com.fasterxml.jackson.datatype.jsr310.deser.key.ZoneOffsetKeyDeserializer",1,16
"com.fasterxml.jackson.datatype.jsr310.deser.key.ZonedDateTimeKeyDeserializer",1,16
"com.fasterxml.jackson.datatype.jsr310.ser.DurationSerializer",1,40
"com.fasterxml.jackson.datatype.jsr310.ser.InstantSerializer",1,56
"com.fasterxml.jackson.datatype.jsr310.ser.InstantSerializer$$Lambda.0x0000000800396f18",1,16
"com.fasterxml.jackson.datatype.jsr310.ser.InstantSerializer$$Lambda.0x0000000800397130",1,16
"com.fasterxml.jackson.datatype.jsr310.ser.InstantSerializer$$Lambda.0x0000000800397348",1,16
"com.fasterxml.jackson.datatype.jsr310.ser.LocalDateSerializer",1,40
"com.fasterxml.jackson.datatype.jsr310.ser.LocalDateTimeSerializer",1,40
"com.fasterxml.jackson.datatype.jsr310.ser.LocalTimeSerializer",1,40
"com.fasterxml.jackson.datatype.jsr310.ser.MonthDaySerializer",1,40
"com.fasterxml.jackson.datatype.jsr310.ser.OffsetDateTimeSerializer",1,56
"com.fasterxml.jackson.datatype.jsr310.ser.OffsetDateTimeSerializer$$Lambda.0x0000000800397560",1,16
"com.fasterxml.jackson.datatype.jsr310.ser.OffsetDateTimeSerializer$$Lambda.0x0000000800397778",1,16
"com.fasterxml.jackson.datatype.jsr310.ser.OffsetDateTimeSerializer$$Lambda.0x0000000800397990",1,16
"com.fasterxml.jackson.datatype.jsr310.ser.OffsetTimeSerializer",1,40
"com.fasterxml.jackson.datatype.jsr310.ser.YearMonthSerializer",1,40
"com.fasterxml.jackson.datatype.jsr310.ser.YearSerializer",1,40
"com.fasterxml.jackson.datatype.jsr310.ser.ZonedDateTimeSerializer",1,56
"com.fasterxml.jackson.datatype.jsr310.ser.ZonedDateTimeSerializer$$Lambda.0x0000000800397db0",1,16
"com.fasterxml.jackson.datatype.jsr310.ser.ZonedDateTimeSerializer$$Lambda.0x000000080039c2b8",1,16
"com.fasterxml.jackson.datatype.jsr310.ser.ZonedDateTimeSerializer$$Lambda.0x000000080039c4d0",1,16
"com.fasterxml.jackson.datatype.jsr310.ser.key.ZonedDateTimeKeySerializer",1,16
"com.fasterxml.jackson.module.paramnames.ParameterNamesModule",1,72
"com.google.gson.FieldNamingPolicy$1",1,24
"com.google.gson.FieldNamingPolicy$2",1,24
"com.google.gson.FieldNamingPolicy$3",1,24
"com.google.gson.FieldNamingPolicy$4",1,24
"com.google.gson.FieldNamingPolicy$5",1,24
"com.google.gson.FieldNamingPolicy$6",1,24
"com.google.gson.FieldNamingPolicy$7",1,24
"com.google.gson.FieldNamingPolicy[ ]",1,48
"com.google.gson.Gson",1,96
"com.google.gson.Gson$1",1,16
"com.google.gson.Gson$2",1,16
"com.google.gson.Gson$4",1,16
"com.google.gson.Gson$5",1,16
"com.google.gson.GsonBuilder",1,80
"com.google.gson.LongSerializationPolicy$1",1,24
"com.google.gson.LongSerializationPolicy$2",1,24
"com.google.gson.LongSerializationPolicy[ ]",1,24
"com.google.gson.Strictness[ ]",1,32
"com.google.gson.ToNumberPolicy$1",1,24
"com.google.gson.ToNumberPolicy$2",1,24
"com.google.gson.ToNumberPolicy$3",1,24
"com.google.gson.ToNumberPolicy$4",1,24
"com.google.gson.ToNumberPolicy[ ]",1,32
"com.google.gson.internal.ConstructorConstructor",1,24
"com.google.gson.internal.Excluder",1,40
"com.google.gson.internal.LinkedTreeMap$1",1,16
"com.google.gson.internal.bind.ArrayTypeAdapter$1",1,16
"com.google.gson.internal.bind.CollectionTypeAdapterFactory",1,16
"com.google.gson.internal.bind.DefaultDateTypeAdapter$1",1,16
"com.google.gson.internal.bind.DefaultDateTypeAdapter$DateType$1",1,16
"com.google.gson.internal.bind.JsonAdapterAnnotationTypeAdapterFactory",1,24
"com.google.gson.internal.bind.MapTypeAdapterFactory",1,24
"com.google.gson.internal.bind.NumberTypeAdapter",1,16
"com.google.gson.internal.bind.NumberTypeAdapter$1",1,16
"com.google.gson.internal.bind.ObjectTypeAdapter$1",1,16
"com.google.gson.internal.bind.ReflectiveTypeAdapterFactory",1,32
"com.google.gson.internal.bind.TypeAdapters$1",1,16
"com.google.gson.internal.bind.TypeAdapters$10",1,16
"com.google.gson.internal.bind.TypeAdapters$11",1,16
"com.google.gson.internal.bind.TypeAdapters$12",1,16
"com.google.gson.internal.bind.TypeAdapters$13",1,16
"com.google.gson.internal.bind.TypeAdapters$14",1,16
"com.google.gson.internal.bind.TypeAdapters$15",1,16
"com.google.gson.internal.bind.TypeAdapters$16",1,16
"com.google.gson.internal.bind.TypeAdapters$17",1,16
"com.google.gson.internal.bind.TypeAdapters$18",1,16
"com.google.gson.internal.bind.TypeAdapters$19",1,16
"com.google.gson.internal.bind.TypeAdapters$2",1,16
"com.google.gson.internal.bind.TypeAdapters$20",1,16
"com.google.gson.internal.bind.TypeAdapters$21",1,16
"com.google.gson.internal.bind.TypeAdapters$22",1,16
"com.google.gson.internal.bind.TypeAdapters$23",1,16
"com.google.gson.internal.bind.TypeAdapters$24",1,16
"com.google.gson.internal.bind.TypeAdapters$25",1,16
"com.google.gson.internal.bind.TypeAdapters$26",1,16
"com.google.gson.internal.bind.TypeAdapters$27",1,16
"com.google.gson.internal.bind.TypeAdapters$28",1,16
"com.google.gson.internal.bind.TypeAdapters$29",1,16
"com.google.gson.internal.bind.TypeAdapters$3",1,16
"com.google.gson.internal.bind.TypeAdapters$33",1,24
"com.google.gson.internal.bind.TypeAdapters$4",1,16
"com.google.gson.internal.bind.TypeAdapters$5",1,16
"com.google.gson.internal.bind.TypeAdapters$6",1,16
"com.google.gson.internal.bind.TypeAdapters$7",1,16
"com.google.gson.internal.bind.TypeAdapters$8",1,16
"com.google.gson.internal.bind.TypeAdapters$9",1,16
"com.google.gson.internal.sql.SqlDateTypeAdapter$1",1,16
"com.google.gson.internal.sql.SqlTimeTypeAdapter$1",1,16
"com.google.gson.internal.sql.SqlTimestampTypeAdapter$1",1,16
"com.google.gson.internal.sql.SqlTypesSupport$1",1,16
"com.google.gson.internal.sql.SqlTypesSupport$2",1,16
"com.google.gson.stream.JsonReader$1",1,16
"com.google.gson.stream.JsonToken[ ]",1,56
"com.jprofiler.agent.ControllerImpl$3",1,128
"com.jprofiler.agent.JProfilerThreadManager$1",1,16
"com.jprofiler.agent.JProfilerThreadManager$Platform[ ]",1,112
"com.jprofiler.agent.c.a$1",1,16
"com.jprofiler.agent.callee.context.web.JakartaServletLoaderContextImpl",1,16
"com.jprofiler.agent.f.a.c",1,56
"com.jprofiler.agent.f.a.e[ ]",1,40
"com.jprofiler.agent.f.a.h[ ]",1,16
"com.jprofiler.agent.f.e",1,16
"com.jprofiler.agent.g",1,24
"com.jprofiler.agent.mbean.d$1",1,16
"com.jprofiler.agent.mbean.d$b",1,24
"com.jprofiler.agent.mbean.h",1,32
"com.jprofiler.agent.mbean.h$a[ ]",1,32
"com.jprofiler.agent.n$1",1,16
"com.jprofiler.agent.probe.JavaCollector",1,80
"com.jprofiler.agent.probe.ProbeHandler$1",1,16
"com.jprofiler.agent.probe.ProbeHandler$2",1,16
"com.jprofiler.agent.probe.ProbeHandler$a",1,120
"com.jprofiler.agent.probe.a.a$1",1,16
"com.jprofiler.agent.probe.a.a.a",1,56
"com.jprofiler.agent.probe.a.a.c",1,56
"com.jprofiler.agent.probe.a.a.f[ ]",1,24
"com.jprofiler.agent.probe.a.a.g$1",1,16
"com.jprofiler.agent.probe.a.a.g$2",1,16
"com.jprofiler.agent.probe.a.a.g$6",1,16
"com.jprofiler.agent.probe.a.a.j[ ]",1,24
"com.jprofiler.agent.probe.a.a.k[ ]",1,24
"com.jprofiler.agent.probe.a.a.m",1,80
"com.jprofiler.agent.probe.a.a.s",1,48
"com.jprofiler.agent.probe.a.b",1,40
"com.jprofiler.agent.probe.a.b$1",1,16
"com.jprofiler.agent.probe.a.b$b",1,16
"com.jprofiler.agent.probe.a.b.a",1,56
"com.jprofiler.agent.probe.a.b.d$1",1,16
"com.jprofiler.agent.probe.a.c.f",1,40
"com.jprofiler.agent.probe.a.c.f$1",1,16
"com.jprofiler.agent.probe.a.d.a",1,40
"com.jprofiler.agent.probe.a.d.b",1,40
"com.jprofiler.agent.probe.a.d.c",1,40
"com.jprofiler.agent.probe.a.d.d",1,40
"com.jprofiler.agent.probe.a.d.e",1,40
"com.jprofiler.agent.probe.a.d.f",1,32
"com.jprofiler.agent.probe.a.d.f$1",1,16
"com.jprofiler.agent.probe.a.e",1,40
"com.jprofiler.agent.probe.a.e.b",1,64
"com.jprofiler.agent.probe.a.e.b$1",1,16
"com.jprofiler.agent.probe.a.e.d",1,56
"com.jprofiler.agent.probe.a.e.d$1",1,16
"com.jprofiler.agent.probe.a.e.d$e",1,16
"com.jprofiler.agent.probe.a.e.d$h",1,24
"com.jprofiler.agent.probe.a.e.f[ ]",1,24
"com.jprofiler.agent.probe.a.f.b",1,56
"com.jprofiler.agent.probe.a.f.b$1",1,16
"com.jprofiler.agent.probe.a.f.e$1",1,16
"com.jprofiler.agent.probe.a.f.g[ ]",1,32
"com.jprofiler.agent.probe.a.f.h",1,56
"com.jprofiler.agent.probe.a.f.h$1",1,16
"com.jprofiler.agent.probe.a.g",1,48
"com.jprofiler.agent.probe.a.g$1",1,16
"com.jprofiler.agent.probe.a.g$2",1,32
"com.jprofiler.agent.probe.a.i",1,56
"com.jprofiler.agent.probe.a.i$1",1,16
"com.jprofiler.agent.probe.a.i$2",1,16
"com.jprofiler.agent.probe.a.j",1,48
"com.jprofiler.agent.probe.a.k",1,88
"com.jprofiler.agent.probe.a.k$1",1,16
"com.jprofiler.agent.probe.a.k$2",1,16
"com.jprofiler.agent.probe.a.k$4",1,16
"com.jprofiler.agent.probe.a.n$1",1,16
"com.jprofiler.agent.probe.a.p",1,48
"com.jprofiler.agent.probe.a.p$1",1,16
"com.jprofiler.agent.probe.a.r",1,40
"com.jprofiler.agent.probe.a.s",1,56
"com.jprofiler.agent.probe.a.s$1",1,16
"com.jprofiler.agent.probe.a.s$2",1,16
"com.jprofiler.agent.probe.a.t",1,40
"com.jprofiler.agent.probe.a.t$1",1,16
"com.jprofiler.agent.probe.c$1",1,16
"com.jprofiler.agent.probe.c.a",1,40
"com.jprofiler.agent.probe.c.a$1",1,16
"com.jprofiler.agent.probe.d.k[ ]",1,16
"com.jprofiler.agent.probe.f",1,32
"com.jprofiler.agent.probe.f$a",1,16
"com.jprofiler.agent.probe.f.b",1,48
"com.jprofiler.agent.probe.f.b$1",1,16
"com.jprofiler.agent.probe.f.c",1,40
"com.jprofiler.agent.probe.f.d",1,48
"com.jprofiler.agent.probe.f.f",1,48
"com.jprofiler.agent.probe.f.f$1",1,16
"com.jprofiler.agent.probe.f.f$a",1,16
"com.jprofiler.agent.probe.f.g",1,48
"com.jprofiler.agent.probe.f.g$1",1,16
"com.jprofiler.agent.probe.f.h",1,40
"com.jprofiler.agent.probe.f.i",1,80
"com.jprofiler.agent.probe.f.i$1",1,16
"com.jprofiler.agent.probe.f.l",1,40
"com.jprofiler.agent.probe.g.c$c",1,16
"com.jprofiler.agent.probe.g.g$a",1,16
"com.jprofiler.agent.probe.i.a$c",1,16
"com.jprofiler.agent.probe.i.a$d",1,16
"com.jprofiler.agent.probe.i.h[ ]",1,32
"com.jprofiler.agent.probe.i.i",1,16
"com.jprofiler.agent.probe.k",1,16
"com.jprofiler.agent.probe.n",1,24
"com.jprofiler.agent.probe.q",1,24
"com.jprofiler.agent.sampler.Sampler",1,120
"com.jprofiler.agent.sampler.c",1,96
"com.jprofiler.agent.util.ModuleHelper$a",1,16
"com.jprofiler.agent.util.a.a",1,24
"com.jprofiler.agent.util.a.a.a.a$a",1,16
"com.jprofiler.agent.util.a.a.a.a$b",1,16
"com.jprofiler.agent.util.a.a.b.e$a",1,24
"com.jprofiler.agent.util.a.a.b.e$a[ ]",1,24
"com.jprofiler.agent.util.a.a.b.h$1",1,16
"com.jprofiler.agent.util.a.a.b.h$2",1,16
"com.jprofiler.agent.util.a.a.b.h$3",1,16
"com.jprofiler.agent.util.a.a.b.h$c$1",1,24
"com.jprofiler.agent.util.a.a.b.h$c$2",1,24
"com.jprofiler.agent.util.a.a.b.h$c$3",1,24
"com.jprofiler.agent.util.a.a.b.h$c$4",1,24
"com.jprofiler.agent.util.a.a.b.h$c$5",1,24
"com.jprofiler.agent.util.a.a.b.h$c$6",1,24
"com.jprofiler.agent.util.a.a.b.h$c$7",1,24
"com.jprofiler.agent.util.a.a.b.h$c$8",1,24
"com.jprofiler.agent.util.a.a.b.h$c[ ][ ]",1,32
"com.jprofiler.agent.util.a.a.b.h$d",1,48
"com.jprofiler.agent.util.a.a.b.h$e",1,16
"com.jprofiler.agent.util.a.a.b.h$s$1",1,24
"com.jprofiler.agent.util.a.a.b.h$s$2",1,24
"com.jprofiler.agent.util.a.a.b.h$s$3",1,24
"com.jprofiler.agent.util.a.a.b.h$s[ ]",1,32
"com.jprofiler.agent.util.a.b.a.c",1,16
"com.jprofiler.agent.util.a.b.ad",1,64
"com.jprofiler.agent.util.a.b.x$1",1,24
"com.jprofiler.agent.util.b.c",1,16
"com.jprofiler.agent.util.e",1,24
"com.jprofiler.agent.util.f[ ]",1,160
"com.jprofiler.agent.util.n",1,16
"com.jprofiler.agent.util.v",1,16
"com.jprofiler.agent.util.y",1,88
"com.jprofiler.api.agent.ProbeObjectType[ ]",1,32
"com.sun.beans.WeakCache",1,16
"com.sun.crypto.provider.SunJCE",1,104
"com.sun.jmx.interceptor.DefaultMBeanServerInterceptor",1,40
"com.sun.jmx.interceptor.DefaultMBeanServerInterceptor$ResourceContext$1",1,16
"com.sun.jmx.mbeanserver.ClassLoaderRepositorySupport",1,24
"com.sun.jmx.mbeanserver.DefaultMXBeanMappingFactory",1,16
"com.sun.jmx.mbeanserver.DefaultMXBeanMappingFactory$Mappings",1,48
"com.sun.jmx.mbeanserver.DescriptorCache",1,16
"com.sun.jmx.mbeanserver.JmxMBeanServer",1,40
"com.sun.jmx.mbeanserver.MBeanAnalyzer$MethodOrder",1,16
"com.sun.jmx.mbeanserver.MBeanInstantiator",1,16
"com.sun.jmx.mbeanserver.MBeanServerDelegateImpl",1,40
"com.sun.jmx.mbeanserver.MXBeanIntrospector",1,16
"com.sun.jmx.mbeanserver.MXBeanLookup",1,24
"com.sun.jmx.mbeanserver.Repository",1,32
"com.sun.jmx.mbeanserver.SecureClassLoaderRepository",1,16
"com.sun.jmx.mbeanserver.StandardMBeanIntrospector",1,16
"com.sun.jmx.mbeanserver.StandardMBeanSupport",1,24
"com.sun.jmx.remote.internal.ServerCommunicatorAdmin$Timeout",1,16
"com.sun.jmx.remote.security.SubjectDelegator",1,16
"com.sun.jmx.remote.util.ClassLoaderWithRepository",1,88
"com.sun.management.internal.DiagnosticCommandImpl",1,40
"com.sun.management.internal.HotSpotDiagnostic",1,16
"com.sun.management.internal.HotSpotThreadImpl",1,24
"com.sun.management.internal.OperatingSystemImpl",1,32
"com.sun.management.internal.OperatingSystemImpl$ProcessCpuTicks",1,40
"com.sun.management.internal.OperatingSystemImpl$SystemCpuTicks",1,40
"com.sun.management.internal.PlatformMBeanProviderImpl$1",1,16
"com.sun.management.internal.PlatformMBeanProviderImpl$2",1,24
"com.sun.management.internal.PlatformMBeanProviderImpl$3",1,16
"com.sun.management.internal.PlatformMBeanProviderImpl$4",1,16
"com.sun.management.internal.PlatformMBeanProviderImpl$5",1,24
"com.sun.naming.internal.VersionHelper",1,16
"com.sun.org.apache.xalan.internal.utils.XMLSecurityPropertyManager$Property[ ]",1,24
"com.sun.org.apache.xerces.internal.impl.XMLEntityScanner$1",1,40
"com.sun.org.apache.xerces.internal.impl.dv.dtd.IDDatatypeValidator",1,16
"com.sun.org.apache.xerces.internal.impl.dv.dtd.IDREFDatatypeValidator",1,16
"com.sun.org.apache.xerces.internal.impl.dv.dtd.NMTOKENDatatypeValidator",1,16
"com.sun.org.apache.xerces.internal.impl.dv.dtd.NOTATIONDatatypeValidator",1,16
"com.sun.org.apache.xerces.internal.impl.dv.dtd.StringDatatypeValidator",1,16
"com.sun.org.apache.xerces.internal.jaxp.DocumentBuilderFactoryImpl",1,40
"com.sun.org.apache.xerces.internal.jaxp.SAXParserFactoryImpl",1,24
"com.sun.org.apache.xerces.internal.util.Status[ ]",1,40
"com.sun.org.apache.xerces.internal.utils.XMLSecurityManager$Limit[ ]",1,56
"com.sun.org.apache.xerces.internal.utils.XMLSecurityManager$NameMap[ ]",1,32
"com.sun.org.apache.xerces.internal.utils.XMLSecurityPropertyManager$Property[ ]",1,24
"com.sun.security.sasl.Provider",1,104
"com.sun.security.sasl.gsskerb.JdkSASL",1,104
"int[ ][ ]",1,56
"io.micrometer.observation.ObservationConvention$$Lambda.0x000000080067f050",1,16
"io.netty.util.AttributeKey",1,32
"io.netty.util.AttributeKey$1",1,24
"io.netty.util.internal.CleanerJava9",1,16
"io.netty.util.internal.PlatformDependent$1",1,16
"io.netty.util.internal.PlatformDependent$2",1,16
"jakarta.security.auth.message.config.AuthConfigFactory$$Lambda.0x00000008006c3808",1,16
"jakarta.servlet.MultipartConfigElement",1,40
"jakarta.servlet.http.MappingMatch[ ]",1,40
"jakarta.websocket.CloseReason",1,24
"jakarta.websocket.CloseReason$CloseCodes[ ]",1,80
"java.beans.EventSetDescriptor[ ]",1,16
"java.beans.Introspector$1",1,16
"java.beans.PropertyChangeListener[ ]",1,16
"java.beans.PropertyDescriptor[ ]",1,16
"java.io.BufferedReader",1,48
"java.io.Console$$Lambda.0x00000008001f0610",1,16
"java.io.Console$$Lambda.0x00000008001f0ec8",1,16
"java.io.Console$$Lambda.0x00000008001f16e0",1,16
"java.io.Console$1",1,16
"java.io.DeleteOnExitHook$1",1,16
"java.io.File$PathStatus[ ]",1,24
"java.io.FileDescriptor$1",1,16
"java.io.FileNotFoundException",1,40
"java.io.FilePermission$1",1,16
"java.io.FilePermissionCollection$$Lambda.0x00000008001c0ff8",1,16
"java.io.File[ ]",1,24
"java.io.InputStreamReader",1,24
"java.io.ObjectInputFilter$Config$$Lambda.0x00000008005fa548",1,16
"java.io.ObjectInputFilter$Config$$Lambda.0x00000008005fa760",1,16
"java.io.ObjectInputFilter$Config$$Lambda.0x00000008005fadb0",1,16
"java.io.ObjectInputFilter$Config$BuiltinFilterFactory",1,16
"java.io.ObjectInputFilter$Config$Global",1,56
"java.io.ObjectInputFilter$Config$Global$$Lambda.0x00000008005fb428",1,16
"java.io.ObjectInputFilter$Config$Global$$Lambda.0x00000008005fb668",1,16
"java.io.ObjectInputFilter$Status[ ]",1,32
"java.io.ObjectInputStream$$Lambda.0x0000000800609170",1,16
"java.io.ObjectInputStream$$Lambda.0x0000000800609580",1,16
"java.io.ObjectStreamClass$Caches$1",1,24
"java.io.ObjectStreamClass$Caches$2",1,24
"java.io.PrintStream$1",1,16
"java.io.PrintWriter",1,40
"java.io.PrintWriter$1",1,16
"java.io.ProxyingConsole",1,32
"java.io.ProxyingConsole$WrappingReader",1,32
"java.io.ProxyingConsole$WrappingWriter",1,48
"java.io.RandomAccessFile$1",1,16
"java.io.RandomAccessFile$2",1,16
"java.io.UnixFileSystem",1,24
"java.lang.ApplicationShutdownHooks$1",1,16
"java.lang.ArithmeticException",1,40
"java.lang.ArrayStoreException",1,40
"java.lang.Byte[ ]",1,1040
"java.lang.CharacterData00",1,16
"java.lang.CharacterDataLatin1",1,16
"java.lang.Character[ ]",1,528
"java.lang.Class$$Lambda.0x00000008000ef9c8",1,16
"java.lang.ClassCastException",1,40
"java.lang.Exception",1,40
"java.lang.IllegalStateException",1,40
"java.lang.Integer[ ]",1,1040
"java.lang.Long[ ]",1,1040
"java.lang.Module$$Lambda.0x0000000800008658",1,16
"java.lang.Module$ArchivedData",1,32
"java.lang.NoSuchMethodError",1,40
"java.lang.NullPointerException",1,48
"java.lang.Object[ ][ ]",1,48
"java.lang.ProcessEnvironment$StringEnvironment",1,24
"java.lang.ProcessEnvironment$StringKeySet",1,16
"java.lang.ProcessHandleImpl$$Lambda.0x0000000800125738",1,16
"java.lang.ProcessHandleImpl$$Lambda.0x0000000800125f58",1,24
"java.lang.ProcessHandleImpl$1",1,32
"java.lang.ProcessHandleImpl$ExitCompletion",1,24
"java.lang.ProcessImpl",1,72
"java.lang.ProcessImpl$$Lambda.0x000000080012f048",1,16
"java.lang.ProcessImpl$LaunchMechanism[ ]",1,32
"java.lang.ProcessImpl$ProcessPipeOutputStream",1,40
"java.lang.Runnable[ ]",1,56
"java.lang.Runtime",1,16
"java.lang.Short[ ]",1,1040
"java.lang.StackStreamFactory$WalkerState[ ]",1,32
"java.lang.StackWalker$ExtendedOption",1,24
"java.lang.StackWalker$ExtendedOption[ ]",1,24
"java.lang.String$CaseInsensitiveComparator",1,16
"java.lang.System$2",1,16
"java.lang.System$LoggerFinder$$Lambda.0x0000000800130950",1,16
"java.lang.Terminator$1",1,16
"java.lang.Thread$State[ ]",1,40
"java.lang.ThreadBuilders$VirtualThreadFactory",1,40
"java.lang.ThreadGroup[ ]",1,32
"java.lang.ThreadLocal$SuppliedThreadLocal",1,24
"java.lang.Throwable[ ]",1,16
"java.lang.VirtualMachineError",1,40
"java.lang.VirtualThread$$Lambda.0x00000008000d2500",1,16
"java.lang.VirtualThread$$Lambda.0x00000008000d3488",1,16
"java.lang.VirtualThread$$Lambda.0x00000008000f8848",1,16
"java.lang.VirtualThread$$Lambda.0x00000008000fb058",1,16
"java.lang.invoke.BoundMethodHandle$Specializer",1,56
"java.lang.invoke.BoundMethodHandle$Specializer$Factory",1,48
"java.lang.invoke.BoundMethodHandle$Species_LLLLLL",1,56
"java.lang.invoke.ClassSpecializer$1",1,16
"java.lang.invoke.DirectMethodHandle$1",1,16
"java.lang.invoke.LambdaForm$Kind[ ]",1,288
"java.lang.invoke.LambdaForm$Name[ ][ ]",1,40
"java.lang.invoke.MemberName$Factory",1,16
"java.lang.invoke.MethodHandle$1",1,16
"java.lang.invoke.MethodHandleImpl$1",1,16
"java.lang.invoke.MethodHandleImpl$ArrayAccess[ ]",1,32
"java.lang.invoke.MethodHandleImpl$ArrayAccessor$1",1,24
"java.lang.invoke.MethodHandleImpl$BindCaller$1",1,24
"java.lang.invoke.MethodHandleImpl$BindCaller$InjectedInvokerHolder",1,24
"java.lang.invoke.MethodHandleImpl$Intrinsic[ ]",1,64
"java.lang.invoke.MethodHandleImpl$Makers$1",1,16
"java.lang.invoke.MethodHandleImpl$Makers$2",1,16
"java.lang.invoke.MethodHandleImpl$Makers$3",1,24
"java.lang.invoke.MethodHandles$Lookup$ClassOption[ ]",1,24
"java.lang.invoke.MethodType$ConcurrentWeakInternSet",1,24
"java.lang.invoke.VarHandle$AccessMode[ ]",1,144
"java.lang.invoke.VarHandle$AccessType[ ]",1,40
"java.lang.invoke.VarHandleByteArrayAsChars$ArrayHandle",1,32
"java.lang.invoke.VarHandleByteArrayAsDoubles$ArrayHandle",1,32
"java.lang.invoke.VarHandleByteArrayAsFloats$ArrayHandle",1,32
"java.lang.invoke.VarHandleByteArrayAsShorts$ArrayHandle",1,32
"java.lang.invoke.VarHandleInts$Array",1,40
"java.lang.invoke.VarHandleLongs$Array",1,40
"java.lang.invoke.VarHandleReferences$Array",1,48
"java.lang.invoke.VarHandles$1",1,24
"java.lang.management.DefaultPlatformMBeanProvider$1",1,16
"java.lang.management.DefaultPlatformMBeanProvider$10",1,16
"java.lang.management.DefaultPlatformMBeanProvider$2",1,16
"java.lang.management.DefaultPlatformMBeanProvider$3",1,16
"java.lang.management.DefaultPlatformMBeanProvider$5",1,16
"java.lang.management.DefaultPlatformMBeanProvider$5$$Lambda.0x00000008004ecea0",1,16
"java.lang.management.DefaultPlatformMBeanProvider$6",1,16
"java.lang.management.DefaultPlatformMBeanProvider$7",1,16
"java.lang.management.DefaultPlatformMBeanProvider$9",1,16
"java.lang.management.ManagementFactory$$Lambda.0x00000008000f98e0",1,16
"java.lang.management.ManagementFactory$$Lambda.0x00000008004e4228",1,16
"java.lang.management.ManagementFactory$$Lambda.0x00000008004e4470",1,16
"java.lang.management.ManagementFactory$$Lambda.0x00000008004e46a8",1,16
"java.lang.management.MemoryManagerMXBean[ ]",1,40
"java.lang.management.MemoryPoolMXBean[ ]",1,48
"java.lang.management.MemoryType[ ]",1,24
"java.lang.module.ModuleDescriptor$1",1,16
"java.lang.module.ModuleDescriptor$Builder$$Lambda.0x0000000800159080",1,16
"java.lang.module.ModuleDescriptor$Modifier[ ]",1,32
"java.lang.module.ModuleDescriptor$Requires$Modifier[ ]",1,32
"java.lang.module.ModuleDescriptor$Version",1,32
"java.lang.ref.Cleaner$1",1,16
"java.lang.ref.Finalizer$FinalizerThread",1,120
"java.lang.ref.Reference$1",1,16
"java.lang.ref.Reference$ReferenceHandler",1,120
"java.lang.ref.WeakReference[ ]",1,32
"java.lang.reflect.AccessFlag$1",1,16
"java.lang.reflect.AccessFlag$10",1,16
"java.lang.reflect.AccessFlag$11",1,16
"java.lang.reflect.AccessFlag$12",1,16
"java.lang.reflect.AccessFlag$13",1,16
"java.lang.reflect.AccessFlag$14",1,16
"java.lang.reflect.AccessFlag$15",1,16
"java.lang.reflect.AccessFlag$16",1,16
"java.lang.reflect.AccessFlag$17",1,16
"java.lang.reflect.AccessFlag$18",1,16
"java.lang.reflect.AccessFlag$2",1,16
"java.lang.reflect.AccessFlag$3",1,16
"java.lang.reflect.AccessFlag$4",1,16
"java.lang.reflect.AccessFlag$5",1,16
"java.lang.reflect.AccessFlag$6",1,16
"java.lang.reflect.AccessFlag$7",1,16
"java.lang.reflect.AccessFlag$8",1,16
"java.lang.reflect.AccessFlag$9",1,16
"java.lang.reflect.AccessFlag$Location[ ]",1,56
"java.lang.reflect.AccessFlag[ ]",1,112
"java.lang.reflect.ClassFileFormatVersion[ ]",1,104
"java.lang.reflect.Executable$$Lambda.0x0000000800630728",1,16
"java.lang.reflect.Executable$$Lambda.0x0000000800632e58",1,16
"java.lang.reflect.Proxy$$Lambda.0x0000000800156fd0",1,16
"java.lang.reflect.Proxy$$Lambda.0x0000000800159b40",1,16
"java.lang.reflect.Proxy$$Lambda.0x00000008001e8f80",1,16
"java.lang.reflect.Proxy$1",1,24
"java.lang.reflect.Proxy$ProxyBuilder",1,24
"java.lang.reflect.Proxy$ProxyBuilder$$Lambda.0x00000008001582d8",1,16
"java.lang.reflect.Proxy$ProxyBuilder$1",1,16
"java.lang.reflect.Proxy$ProxyBuilder$ProxyClassContext",1,24
"java.lang.reflect.ProxyGenerator",1,176
"java.lang.reflect.ProxyGenerator$$Lambda.0x000000080015a930",1,16
"java.lang.reflect.ProxyGenerator$$Lambda.0x000000080015ab68",1,16
"java.lang.reflect.ProxyGenerator$PrimitiveTypeInfo[ ]",1,48
"java.lang.reflect.ReflectAccess",1,16
"java.lang.reflect.ReflectPermission",1,24
"java.lang.runtime.ObjectMethods$$Lambda.0x000000080011ec08",1,16
"java.math.BigInteger[ ][ ]",1,168
"java.math.RoundingMode[ ]",1,48
"java.net.Inet6AddressImpl",1,24
"java.net.InetAddress$$Lambda.0x00000008004dc8c8",1,16
"java.net.InetAddress$$Lambda.0x00000008004dccf0",1,16
"java.net.InetAddress$1",1,16
"java.net.InetAddress$CachedLocalHost",1,32
"java.net.InetAddress$PlatformResolver",1,16
"java.net.StandardProtocolFamily[ ]",1,32
"java.net.URI$1",1,16
"java.net.URI$Parser",1,32
"java.net.URL$3",1,16
"java.net.URL$DefaultFactory",1,16
"java.net.spi.InetAddressResolver$LookupPolicy",1,16
"java.nio.Bits$1",1,16
"java.nio.Buffer$1",1,16
"java.nio.Buffer$2",1,16
"java.nio.StringCharBuffer",1,56
"java.nio.channels.spi.AbstractSelector$1",1,16
"java.nio.channels.spi.SelectorProvider$Holder$$Lambda.0x00000008004d1db8",1,16
"java.nio.file.StandardOpenOption[ ]",1,56
"java.rmi.server.ObjID$$Lambda.0x00000008005ff458",1,16
"java.rmi.server.RMIClassLoader$2",1,16
"java.security.AllPermission",1,16
"java.security.AllPermissionCollection",1,16
"java.security.MessageDigest$Delegate$CloneableDelegate",1,32
"java.security.Policy$PolicyInfo",1,24
"java.security.Policy$UnsupportedEmptyCollection",1,24
"java.security.ProtectionDomain$JavaSecurityAccessImpl",1,16
"java.security.ProtectionDomain$JavaSecurityAccessImpl$1",1,16
"java.security.Provider[ ]",1,16
"java.security.Security$$Lambda.0x00000008000e7270",1,16
"java.security.Security$1",1,16
"java.security.UnresolvedPermission",1,32
"java.security.cert.Certificate[ ]",1,16
"java.text.DecimalFormatSymbols$$Lambda.0x0000000800178670",1,16
"java.text.DontCareFieldPosition",1,32
"java.text.DontCareFieldPosition$1",1,16
"java.text.FieldPosition[ ]",1,16
"java.text.Format[ ]",1,56
"java.text.MessageFormat",1,40
"java.text.Normalizer$Form[ ]",1,32
"java.time.Clock$SystemClock",1,16
"java.time.LocalTime[ ]",1,112
"java.time.ZoneOffset$$Lambda.0x0000000800119bd8",1,16
"java.time.chrono.IsoChronology",1,16
"java.time.format.DateTimeFormatter$$Lambda.0x0000000800119508",1,16
"java.time.format.DateTimeFormatter$$Lambda.0x0000000800119720",1,16
"java.time.format.DateTimeFormatterBuilder$$Lambda.0x0000000800138330",1,16
"java.time.format.DateTimeFormatterBuilder$InstantPrinterParser",1,16
"java.time.format.DateTimeFormatterBuilder$ReducedPrinterParser",1,40
"java.time.format.DateTimeFormatterBuilder$SettingsParser[ ]",1,32
"java.time.format.DateTimeFormatter[ ]",1,32
"java.time.format.DateTimeTextProvider",1,16
"java.time.format.DateTimeTextProvider$1",1,16
"java.time.format.DecimalStyle",1,24
"java.time.format.FormatStyle[ ]",1,32
"java.time.format.ResolverStyle[ ]",1,32
"java.time.format.SignStyle[ ]",1,40
"java.time.format.TextStyle[ ]",1,40
"java.time.temporal.ChronoField[ ]",1,136
"java.time.temporal.ChronoUnit[ ]",1,80
"java.time.temporal.IsoFields$Field$1",1,24
"java.time.temporal.IsoFields$Field$2",1,24
"java.time.temporal.IsoFields$Field$3",1,24
"java.time.temporal.IsoFields$Field$4",1,24
"java.time.temporal.IsoFields$Field[ ]",1,32
"java.time.temporal.IsoFields$Unit[ ]",1,24
"java.time.temporal.JulianFields$Field[ ]",1,32
"java.time.temporal.TemporalQueries$1",1,16
"java.time.temporal.TemporalQueries$2",1,16
"java.time.temporal.TemporalQueries$3",1,16
"java.time.temporal.TemporalQueries$4",1,16
"java.time.temporal.TemporalQueries$5",1,16
"java.time.temporal.TemporalQueries$6",1,16
"java.time.temporal.TemporalQueries$7",1,16
"java.time.zone.TzdbZoneRulesProvider",1,24
"java.time.zone.ZoneOffsetTransitionRule$TimeDefinition[ ]",1,32
"java.time.zone.ZoneOffsetTransition[ ]",1,24
"java.util.AbstractMap$2",1,16
"java.util.Collections$CopiesList",1,24
"java.util.Collections$EmptyEnumeration",1,16
"java.util.Collections$EmptyIterator",1,16
"java.util.Collections$EmptyList",1,16
"java.util.Collections$EmptyMap",1,24
"java.util.Collections$EmptySet",1,16
"java.util.Collections$ReverseComparator",1,16
"java.util.Collections$SynchronizedCollection",1,24
"java.util.Collections$UnmodifiableCollection",1,16
"java.util.Collections$UnmodifiableMap$UnmodifiableEntrySet",1,16
"java.util.Comparators$NaturalOrderComparator",1,24
"java.util.Comparators$NaturalOrderComparator[ ]",1,24
"java.util.Comparators$NullComparator",1,24
"java.util.EnumMap$1",1,16
"java.util.Hashtable$KeySet",1,16
"java.util.IdentityHashMap$EntrySet",1,16
"java.util.ImmutableCollections$Access$1",1,16
"java.util.Locale$Builder",1,16
"java.util.Locale$Cache",1,24
"java.util.Locale$Category[ ]",1,24
"java.util.Map$Entry$$Lambda.0x0000000800602a18",1,16
"java.util.OptionalInt",1,24
"java.util.PropertyPermissionCollection",1,24
"java.util.ResourceBundle$1",1,16
"java.util.ResourceBundle$2",1,40
"java.util.ResourceBundle$Control",1,16
"java.util.ResourceBundle$Control$CandidateListCache",1,24
"java.util.ResourceBundle$ResourceBundleControlProviderHolder$$Lambda.0x0000000800346d08",1,16
"java.util.ResourceBundle$ResourceBundleControlProviderHolder$$Lambda.0x0000000800347118",1,16
"java.util.ServiceLoader",1,56
"java.util.ServiceLoader$2",1,24
"java.util.ServiceLoader$LazyClassPathLookupIterator",1,40
"java.util.ServiceLoader$ModuleServicesLookupIterator",1,32
"java.util.Spliterators$EmptySpliterator$OfDouble",1,16
"java.util.Spliterators$EmptySpliterator$OfInt",1,16
"java.util.Spliterators$EmptySpliterator$OfLong",1,16
"java.util.Spliterators$EmptySpliterator$OfRef",1,16
"java.util.concurrent.CompletableFuture",1,24
"java.util.concurrent.CompletableFuture$AltResult",1,16
"java.util.concurrent.CompletableFuture$UniHandle",1,40
"java.util.concurrent.ConcurrentSkipListMap$Index",1,24
"java.util.concurrent.ConcurrentSkipListMap$KeySet",1,16
"java.util.concurrent.ForkJoinPool$2",1,16
"java.util.concurrent.ForkJoinPool$DefaultForkJoinWorkerThreadFactory",1,16
"java.util.concurrent.LinkedTransferQueue$DualNode",1,32
"java.util.concurrent.ThreadLocalRandom",1,32
"java.util.concurrent.TimeUnit[ ]",1,48
"java.util.concurrent.locks.AbstractQueuedSynchronizer$ExclusiveNode",1,32
"java.util.concurrent.locks.ReentrantReadWriteLock$FairSync",1,48
"java.util.function.Function$$Lambda.0x00000008001e93f8",1,16
"java.util.function.UnaryOperator$$Lambda.0x00000008004cf168",1,16
"java.util.jar.JavaUtilJarAccessImpl",1,16
"java.util.logging.ConsoleHandler",1,56
"java.util.logging.Handler[ ]",1,16
"java.util.logging.Level$$Lambda.0x00000008001571f8",1,16
"java.util.logging.Level$KnownLevel$$Lambda.0x0000000800149fe8",1,16
"java.util.logging.Level$KnownLevel$$Lambda.0x000000080014a220",1,16
"java.util.logging.Level$KnownLevel$$Lambda.0x0000000800157638",1,16
"java.util.logging.LogManager",1,56
"java.util.logging.LogManager$Cleaner",1,120
"java.util.logging.LogManager$CloseOnReset",1,16
"java.util.logging.LogManager$LoggerContext",1,24
"java.util.logging.LogManager$LoggingProviderAccess",1,16
"java.util.logging.LogManager$RootLogger",1,64
"java.util.logging.LogManager$SystemLoggerContext",1,24
"java.util.logging.LogManager$VisitedLoggers",1,16
"java.util.logging.Logging",1,16
"java.util.logging.SimpleFormatter",1,16
"java.util.logging.SimpleFormatter$$Lambda.0x000000080014bb20",1,16
"java.util.regex.CharPredicates$$Lambda.0x0000000800127c30",1,16
"java.util.regex.CharPredicates$$Lambda.0x00000008001e66c0",1,16
"java.util.regex.CharPredicates$$Lambda.0x00000008005f20a0",1,16
"java.util.regex.CharPredicates$$Lambda.0x00000008006332d8",1,16
"java.util.regex.Pattern$$Lambda.0x00000008001e6250",1,16
"java.util.regex.Pattern$$Lambda.0x00000008001f9910",1,16
"java.util.regex.Pattern$$Lambda.0x0000000800344088",1,16
"java.util.regex.Pattern$GroupHead[ ]",1,56
"java.util.regex.Pattern$LastNode",1,16
"java.util.regex.Pattern$Loop",1,40
"java.util.regex.Pattern$Neg",1,24
"java.util.regex.Pattern$Node",1,16
"java.util.regex.Pattern$Pos",1,24
"java.util.regex.Pattern$Prolog",1,24
"java.util.regex.Pattern$Qtype[ ]",1,32
"java.util.regex.Pattern$TreeInfo",1,24
"java.util.stream.Collectors$$Lambda.0x0000000800013448",1,16
"java.util.stream.Collectors$$Lambda.0x0000000800013bf0",1,16
"java.util.stream.Collectors$$Lambda.0x0000000800014010",1,16
"java.util.stream.Collectors$$Lambda.0x0000000800014250",1,16
"java.util.stream.Collectors$$Lambda.0x00000008000dd1e0",1,16
"java.util.stream.Collectors$$Lambda.0x00000008000dd5f8",1,16
"java.util.stream.Collectors$$Lambda.0x00000008000ddc78",1,16
"java.util.stream.Collectors$$Lambda.0x00000008000f0028",1,16
"java.util.stream.Collectors$$Lambda.0x00000008000f0250",1,16
"java.util.stream.Collectors$$Lambda.0x00000008000f0490",1,16
"java.util.stream.Collectors$$Lambda.0x0000000800135c08",1,16
"java.util.stream.Collectors$$Lambda.0x0000000800135e30",1,16
"java.util.stream.Collectors$$Lambda.0x000000080037cb10",1,16
"java.util.stream.Collectors$$Lambda.0x000000080037cd28",1,16
"java.util.stream.Collectors$$Lambda.0x000000080037cf50",1,16
"java.util.stream.Collectors$$Lambda.0x000000080037d190",1,16
"java.util.stream.Collectors$$Lambda.0x00000008004cbfe0",1,16
"java.util.stream.Collectors$$Lambda.0x00000008004cc428",1,16
"java.util.stream.Collectors$$Lambda.0x00000008004cc668",1,16
"java.util.stream.Collectors$$Lambda.0x0000000800623018",1,16
"java.util.stream.Collectors$$Lambda.0x0000000800624660",1,16
"java.util.stream.Collectors$$Lambda.0x000000080062bf38",1,16
"java.util.stream.Collectors$$Lambda.0x0000000800630968",1,16
"java.util.stream.DoublePipeline$$Lambda.0x00000008001d2268",1,16
"java.util.stream.DoublePipeline$$Lambda.0x00000008001d2678",1,16
"java.util.stream.DoublePipeline$$Lambda.0x00000008001d2890",1,16
"java.util.stream.FindOps$FindSink$OfInt$$Lambda.0x0000000800179be0",1,16
"java.util.stream.FindOps$FindSink$OfInt$$Lambda.0x0000000800179e28",1,16
"java.util.stream.FindOps$FindSink$OfInt$$Lambda.0x000000080017a040",1,16
"java.util.stream.FindOps$FindSink$OfInt$$Lambda.0x000000080017a288",1,16
"java.util.stream.FindOps$FindSink$OfRef$$Lambda.0x0000000800016ed0",1,16
"java.util.stream.FindOps$FindSink$OfRef$$Lambda.0x0000000800017118",1,16
"java.util.stream.FindOps$FindSink$OfRef$$Lambda.0x0000000800017330",1,16
"java.util.stream.FindOps$FindSink$OfRef$$Lambda.0x0000000800017578",1,16
"java.util.stream.IntPipeline$$Lambda.0x00000008001c1918",1,16
"java.util.stream.MatchOps$MatchKind[ ]",1,32
"java.util.stream.Nodes$EmptyNode$OfDouble",1,16
"java.util.stream.Nodes$EmptyNode$OfInt",1,16
"java.util.stream.Nodes$EmptyNode$OfLong",1,16
"java.util.stream.Nodes$EmptyNode$OfRef",1,16
"java.util.stream.ReferencePipeline$$Lambda.0x00000008001d5db0",1,16
"java.util.stream.StreamOpFlag[ ]",1,40
"java.util.stream.StreamShape[ ]",1,32
"java.util.zip.ZipCoder$Comparison[ ]",1,32
"java.util.zip.ZipCoder$UTF8ZipCoder",1,32
"java.util.zip.ZipFile$1",1,16
"javax.management.JMX",1,16
"javax.management.MBeanServerBuilder",1,16
"javax.management.NotificationBroadcasterSupport$1",1,16
"javax.management.openmbean.SimpleType[ ]",1,72
"javax.management.remote.JMXServiceURL",1,32
"javax.management.remote.rmi.RMIConnectionImpl",1,64
"javax.management.remote.rmi.RMIConnectionImpl$RMIServerCommunicatorAdmin",1,48
"javax.management.remote.rmi.RMIConnectionImpl_Stub",1,16
"javax.management.remote.rmi.RMIConnectorServer",1,64
"javax.management.remote.rmi.RMIJRMPServerImpl",1,64
"javax.management.remote.rmi.RMIServerImpl_Stub",1,16
"javax.xml.catalog.CatalogFeatures$Feature[ ]",1,32
"jdk.internal.access.JavaSecurityAccess$ProtectionDomainCache[ ]",1,24
"jdk.internal.event.SecurityProviderServiceEvent",1,40
"jdk.internal.event.ThreadSleepEvent",1,40
"jdk.internal.icu.impl.Norm2AllModes",1,24
"jdk.internal.icu.impl.Norm2AllModes$ComposeNormalizer2",1,24
"jdk.internal.icu.impl.Norm2AllModes$DecomposeNormalizer2",1,16
"jdk.internal.icu.impl.Norm2AllModes$NoopNormalizer2",1,16
"jdk.internal.icu.impl.Norm2AllModes$Norm2AllModesSingleton",1,24
"jdk.internal.icu.impl.NormalizerImpl",1,80
"jdk.internal.icu.impl.NormalizerImpl$IsAcceptable",1,16
"jdk.internal.icu.text.NormalizerBase$ModeImpl",1,16
"jdk.internal.icu.text.NormalizerBase$NFCMode",1,16
"jdk.internal.icu.text.NormalizerBase$NFDMode",1,16
"jdk.internal.icu.text.NormalizerBase$NFKCMode",1,16
"jdk.internal.icu.text.NormalizerBase$NFKDMode",1,16
"jdk.internal.icu.text.NormalizerBase$NONEMode",1,16
"jdk.internal.icu.util.CodePointTrie$Data16",1,16
"jdk.internal.icu.util.CodePointTrie$Fast16",1,48
"jdk.internal.icu.util.CodePointTrie$Type[ ]",1,24
"jdk.internal.icu.util.CodePointTrie$ValueWidth[ ]",1,32
"jdk.internal.icu.util.VersionInfo",1,16
"jdk.internal.io.JdkConsoleImpl",1,48
"jdk.internal.io.JdkConsoleImpl$2",1,40
"jdk.internal.io.JdkConsoleImpl$LineReader",1,48
"jdk.internal.jimage.ImageHeader",1,48
"jdk.internal.jimage.ImageReader",1,24
"jdk.internal.jimage.ImageReader$SharedImageReader",1,96
"jdk.internal.jimage.ImageReaderFactory$1",1,16
"jdk.internal.jimage.ImageStringsReader",1,16
"jdk.internal.jimage.decompressor.Decompressor",1,16
"jdk.internal.loader.AbstractClassLoaderValue$Memoizer",1,40
"jdk.internal.loader.ArchivedClassLoaders",1,32
"jdk.internal.loader.ClassLoaders$AppClassLoader",1,104
"jdk.internal.loader.ClassLoaders$BootClassLoader",1,104
"jdk.internal.loader.ClassLoaders$PlatformClassLoader",1,104
"jdk.internal.logger.BootstrapLogger$LoggingBackend[ ]",1,32
"jdk.internal.logger.BootstrapLogger$RedirectedLoggers",1,24
"jdk.internal.logger.LazyLoggers$1",1,16
"jdk.internal.logger.LazyLoggers$LazyLoggerFactories",1,16
"jdk.internal.math.FloatingDecimal$1",1,16
"jdk.internal.misc.ScopedMemoryAccess",1,16
"jdk.internal.misc.TerminatingThreadLocal$1",1,16
"jdk.internal.misc.Unsafe",1,16
"jdk.internal.module.DefaultRoots$$Lambda.0x0000000800010e50",1,16
"jdk.internal.module.DefaultRoots$$Lambda.0x00000008000117c8",1,16
"jdk.internal.module.DefaultRoots$$Lambda.0x0000000800016270",1,16
"jdk.internal.module.DefaultRoots$$Lambda.0x000000080003cf08",1,16
"jdk.internal.module.ModuleBootstrap$SafeModuleFinder",1,24
"jdk.internal.module.ModulePatcher",1,16
"jdk.internal.module.ServicesCatalog[ ]",1,32
"jdk.internal.module.SystemModuleFinders$SystemModuleFinder",1,24
"jdk.internal.org.objectweb.asm.ConstantDynamic",1,32
"jdk.internal.org.objectweb.asm.Handle",1,32
"jdk.internal.perf.Perf",1,16
"jdk.internal.ref.CleanerImpl$InnocuousThreadFactory",1,16
"jdk.internal.reflect.DirectMethodHandleAccessor$NativeAccessor",1,32
"jdk.internal.reflect.GeneratedSerializationConstructorAccessor1",1,16
"jdk.internal.reflect.GeneratedSerializationConstructorAccessor10",1,16
"jdk.internal.reflect.GeneratedSerializationConstructorAccessor11",1,16
"jdk.internal.reflect.GeneratedSerializationConstructorAccessor12",1,16
"jdk.internal.reflect.GeneratedSerializationConstructorAccessor13",1,16
"jdk.internal.reflect.GeneratedSerializationConstructorAccessor14",1,16
"jdk.internal.reflect.GeneratedSerializationConstructorAccessor15",1,16
"jdk.internal.reflect.GeneratedSerializationConstructorAccessor16",1,16
"jdk.internal.reflect.GeneratedSerializationConstructorAccessor17",1,16
"jdk.internal.reflect.GeneratedSerializationConstructorAccessor2",1,16
"jdk.internal.reflect.GeneratedSerializationConstructorAccessor3",1,16
"jdk.internal.reflect.GeneratedSerializationConstructorAccessor4",1,16
"jdk.internal.reflect.GeneratedSerializationConstructorAccessor5",1,16
"jdk.internal.reflect.GeneratedSerializationConstructorAccessor6",1,16
"jdk.internal.reflect.GeneratedSerializationConstructorAccessor7",1,16
"jdk.internal.reflect.GeneratedSerializationConstructorAccessor8",1,16
"jdk.internal.reflect.GeneratedSerializationConstructorAccessor9",1,16
"jdk.internal.reflect.MethodHandleBooleanFieldAccessorImpl",1,32
"jdk.internal.reflect.ReflectionFactory",1,16
"jdk.internal.util.OSVersion",1,24
"jdk.internal.util.Preconditions$1",1,16
"jdk.internal.util.Preconditions$2",1,16
"jdk.internal.util.Preconditions$3",1,16
"jdk.internal.vm.ContinuationScope",1,16
"jdk.internal.vm.ThreadContainers$RootContainer$TrackingRootContainer",1,24
"jdk.jfr.internal.SecuritySupport$$Lambda.0x00000008004f4520",1,16
"jdk.jfr.internal.SecuritySupport$Privileged",1,16
"jdk.jfr.internal.consumer.FileAccess$UnPrivileged",1,16
"jdk.jfr.internal.dcmd.DCmdCheck$$Lambda.0x00000008005f2758",1,16
"jdk.jfr.internal.dcmd.DCmdDump$$Lambda.0x00000008005f2540",1,16
"jdk.jfr.internal.dcmd.DCmdStart$$Lambda.0x00000008004fb6c0",1,16
"jdk.jfr.internal.dcmd.DCmdStart$$Lambda.0x00000008005f2328",1,16
"jdk.jfr.internal.dcmd.DCmdStop$$Lambda.0x00000008004f2b90",1,16
"jdk.jfr.internal.dcmd.DCmdView$$Lambda.0x00000008004f2978",1,16
"jdk.jfr.internal.jfc.model.JFCModel$$Lambda.0x00000008005f1c40",1,16
"jdk.jfr.internal.jfc.model.JFCModel$$Lambda.0x00000008005f1e68",1,16
"jdk.jfr.internal.management.StreamManager",1,24
"jdk.management.jfr.FlightRecorderMXBeanImpl",1,48
"jdk.management.jfr.SettingDescriptorInfo$1",1,16
"jdk.management.jfr.internal.FlightRecorderMXBeanProvider$SingleMBeanComponent",1,24
"jdk.net.ExtendedSocketOptions$1",1,32
"jdk.net.MacOSXSocketOptions",1,16
"jdk.proxy1.$Proxy19",1,16
"jdk.proxy1.$Proxy63",1,16
"jdk.proxy2.$Proxy10",1,16
"jdk.proxy2.$Proxy13",1,16
"jdk.proxy2.$Proxy15",1,16
"jdk.proxy2.$Proxy17",1,16
"jdk.proxy2.$Proxy26",1,16
"jdk.proxy2.$Proxy35",1,16
"jdk.proxy2.$Proxy39",1,16
"jdk.proxy2.$Proxy41",1,16
"jdk.proxy2.$Proxy48",1,16
"jdk.proxy2.$Proxy50",1,16
"jdk.proxy2.$Proxy59",1,16
"jdk.proxy2.$Proxy60",1,16
"jdk.proxy2.$Proxy61",1,16
"jdk.proxy2.$Proxy64",1,16
"jdk.proxy2.$Proxy65",1,16
"jdk.xml.internal.JdkProperty$ImplPropMap[ ]",1,48
"jdk.xml.internal.JdkXmlFeatures$XmlFeature[ ]",1,32
"jdk.xml.internal.SecuritySupport$$Lambda.0x00000008001f5408",1,16
"jdk.xml.internal.XMLSecurityManager$Limit[ ]",1,64
"jdk.xml.internal.XMLSecurityManager$NameMap[ ]",1,32
"jdk.xml.internal.XMLSecurityManager$Processor[ ]",1,24
"org.apache.catalina.LifecycleState[ ]",1,64
"org.apache.catalina.Service[ ]",1,24
"org.apache.catalina.Session[ ]",1,16
"org.apache.catalina.WebResourceRoot$ArchiveIndexStrategy[ ]",1,32
"org.apache.catalina.WebResource[ ]",1,24
"org.apache.catalina.authenticator.AuthenticatorBase$AllowCorsPreflight[ ]",1,32
"org.apache.catalina.authenticator.NonLoginAuthenticator",1,96
"org.apache.catalina.authenticator.jaspic.AuthConfigFactoryImpl",1,32
"org.apache.catalina.connector.Connector",1,120
"org.apache.catalina.connector.Connector[ ]",1,24
"org.apache.catalina.connector.CoyoteAdapter",1,16
"org.apache.catalina.connector.InputBuffer",1,72
"org.apache.catalina.connector.OutputBuffer",1,64
"org.apache.catalina.connector.Request",1,168
"org.apache.catalina.connector.Request$1",1,16
"org.apache.catalina.connector.Request$2",1,16
"org.apache.catalina.connector.Request$3",1,16
"org.apache.catalina.connector.Request$4",1,16
"org.apache.catalina.connector.Request$5",1,16
"org.apache.catalina.connector.Request$6",1,16
"org.apache.catalina.connector.Request$7",1,16
"org.apache.catalina.connector.Request$8",1,16
"org.apache.catalina.connector.Response",1,64
"org.apache.catalina.core.ApplicationContext",1,64
"org.apache.catalina.core.ApplicationContextFacade",1,24
"org.apache.catalina.core.ApplicationFilterChain",1,32
"org.apache.catalina.core.ApplicationFilterConfig[ ]",1,56
"org.apache.catalina.core.ApplicationMapping",1,24
"org.apache.catalina.core.ApplicationSessionCookieConfig",1,24
"org.apache.catalina.core.ContainerBase$ContainerBackgroundProcessor",1,16
"org.apache.catalina.core.ContainerBase$ContainerBackgroundProcessorMonitor",1,16
"org.apache.catalina.core.DefaultInstanceManager",1,48
"org.apache.catalina.core.DefaultInstanceManager$AnnotationCacheEntry[ ]",1,16
"org.apache.catalina.core.StandardContext$1",1,16
"org.apache.catalina.core.StandardContext$ContextFilterMaps",1,24
"org.apache.catalina.core.StandardContext$NoPluggabilityServletContext",1,16
"org.apache.catalina.core.StandardContextValve",1,48
"org.apache.catalina.core.StandardEngine",1,128
"org.apache.catalina.core.StandardEngineValve",1,48
"org.apache.catalina.core.StandardHost",1,176
"org.apache.catalina.core.StandardHost$MemoryLeakTrackingListener",1,16
"org.apache.catalina.core.StandardHostValve",1,48
"org.apache.catalina.core.StandardServer",1,152
"org.apache.catalina.core.StandardServer$$Lambda.0x0000000800506310",1,16
"org.apache.catalina.core.StandardServer$$Lambda.0x0000000800506530",1,16
"org.apache.catalina.core.StandardService",1,88
"org.apache.catalina.loader.WebappLoader",1,56
"org.apache.catalina.mapper.Mapper",1,32
"org.apache.catalina.mapper.Mapper$ContextList",1,24
"org.apache.catalina.mapper.Mapper$ContextVersion",1,64
"org.apache.catalina.mapper.Mapper$ContextVersion[ ]",1,24
"org.apache.catalina.mapper.Mapper$MappedContext",1,24
"org.apache.catalina.mapper.Mapper$MappedContext[ ]",1,24
"org.apache.catalina.mapper.Mapper$MappedHost",1,32
"org.apache.catalina.mapper.Mapper$MappedHost[ ]",1,24
"org.apache.catalina.mapper.MapperListener",1,48
"org.apache.catalina.mapper.MappingData",1,56
"org.apache.catalina.realm.MessageDigestCredentialHandler",1,40
"org.apache.catalina.realm.X509SubjectDnRetriever",1,16
"org.apache.catalina.session.StandardManager",1,152
"org.apache.catalina.startup.CatalinaBaseConfigurationSource",1,24
"org.apache.catalina.startup.Tomcat",1,48
"org.apache.catalina.startup.Tomcat$FixContextListener",1,16
"org.apache.catalina.startup.Tomcat$SimpleRealm",1,80
"org.apache.catalina.util.CharsetMapper",1,16
"org.apache.catalina.util.StandardSessionIdGenerator",1,56
"org.apache.catalina.valves.ErrorReportValve",1,48
"org.apache.catalina.webresources.Cache",1,56
"org.apache.catalina.webresources.Cache$$Lambda.0x0000000800673aa8",1,16
"org.apache.catalina.webresources.DirResourceSet",1,72
"org.apache.catalina.webresources.FileResource",1,56
"org.apache.catalina.webresources.StandardRoot",1,80
"org.apache.catalina.webresources.TomcatURLStreamHandlerFactory",1,24
"org.apache.commons.logging.LogAdapter$$Lambda.0x00000008001974a8",1,16
"org.apache.commons.logging.impl.NoOpLog",1,16
"org.apache.coyote.AbstractProtocol$$Lambda.0x00000008005ddb00",1,16
"org.apache.coyote.AbstractProtocol$$Lambda.0x00000008005ddd20",1,16
"org.apache.coyote.AbstractProtocol$ConnectionHandler",1,32
"org.apache.coyote.AbstractProtocol$RecycledProcessors",1,40
"org.apache.coyote.ActionCode[ ]",1,216
"org.apache.coyote.AsyncStateMachine$AsyncState[ ]",1,72
"org.apache.coyote.CompressionConfig",1,32
"org.apache.coyote.ContinueResponseTiming[ ]",1,32
"org.apache.coyote.ErrorState[ ]",1,32
"org.apache.coyote.RequestGroupInfo",1,80
"org.apache.coyote.http11.Http11InputBuffer$HeaderParsePosition[ ]",1,40
"org.apache.coyote.http11.Http11InputBuffer$HeaderParseStatus[ ]",1,32
"org.apache.coyote.http11.Http11NioProtocol",1,160
"org.apache.coyote.http11.filters.ChunkedInputFilter$ParseState[ ]",1,40
"org.apache.juli.logging.LogFactory",1,16
"org.apache.naming.StringManager",1,24
"org.apache.tomcat.util.buf.B2CConverter",1,32
"org.apache.tomcat.util.buf.CharsetCache",1,16
"org.apache.tomcat.util.buf.CharsetCache$DummyCharset",1,24
"org.apache.tomcat.util.buf.EncodedSolidusHandling[ ]",1,32
"org.apache.tomcat.util.buf.MessageBytes$MessageBytesFactory",1,16
"org.apache.tomcat.util.buf.UEncoder",1,32
"org.apache.tomcat.util.buf.UEncoder$SafeCharsSet[ ]",1,24
"org.apache.tomcat.util.collections.ConcurrentCache",1,24
"org.apache.tomcat.util.collections.ConcurrentLruCache",1,24
"org.apache.tomcat.util.collections.ConcurrentLruCache$LimitedLinkedHashMap",1,64
"org.apache.tomcat.util.collections.ManagedConcurrentWeakHashMap",1,32
"org.apache.tomcat.util.collections.SynchronizedQueue",1,32
"org.apache.tomcat.util.collections.SynchronizedStack",1,32
"org.apache.tomcat.util.compat.Jre21Compat",1,16
"org.apache.tomcat.util.descriptor.web.ApplicationParameter[ ]",1,16
"org.apache.tomcat.util.descriptor.web.ErrorPage",1,32
"org.apache.tomcat.util.descriptor.web.FilterMap[ ]",1,32
"org.apache.tomcat.util.descriptor.web.LoginConfig",1,32
"org.apache.tomcat.util.descriptor.web.SecurityConstraint[ ]",1,16
"org.apache.tomcat.util.file.ConfigurationSource$1",1,24
"org.apache.tomcat.util.http.ConcurrentDateFormat[ ]",1,32
"org.apache.tomcat.util.http.CookieProcessorBase$$Lambda.0x000000080039fb10",1,16
"org.apache.tomcat.util.http.CookiesWithoutEquals[ ]",1,24
"org.apache.tomcat.util.http.Rfc6265CookieProcessor",1,24
"org.apache.tomcat.util.http.SameSiteCookies[ ]",1,32
"org.apache.tomcat.util.http.parser.HttpHeaderParser$HeaderParsePosition[ ]",1,40
"org.apache.tomcat.util.http.parser.HttpParser$DomainParseState[ ]",1,48
"org.apache.tomcat.util.http.parser.MediaType",1,40
"org.apache.tomcat.util.http.parser.MediaTypeCache",1,16
"org.apache.tomcat.util.http.parser.SkipResult[ ]",1,32
"org.apache.tomcat.util.log.UserDataHelper$Config[ ]",1,32
"org.apache.tomcat.util.log.UserDataHelper$Mode[ ]",1,32
"org.apache.tomcat.util.modeler.AttributeInfo",1,48
"org.apache.tomcat.util.modeler.NoDescriptorRegistry",1,56
"org.apache.tomcat.util.modeler.NoDescriptorRegistry$NoJmxMBeanServer",1,16
"org.apache.tomcat.util.modeler.NoDescriptorRegistry$PassthroughMBean",1,56
"org.apache.tomcat.util.modeler.NotificationInfo[ ]",1,16
"org.apache.tomcat.util.net.AbstractEndpoint$BindState[ ]",1,32
"org.apache.tomcat.util.net.AbstractEndpoint$Handler$SocketState[ ]",1,56
"org.apache.tomcat.util.net.Acceptor",1,32
"org.apache.tomcat.util.net.Acceptor$AcceptorState[ ]",1,32
"org.apache.tomcat.util.net.NioChannel$1",1,32
"org.apache.tomcat.util.net.NioEndpoint",1,216
"org.apache.tomcat.util.net.NioEndpoint$Poller",1,48
"org.apache.tomcat.util.net.SendfileState[ ]",1,32
"org.apache.tomcat.util.net.SocketBufferHandler$1",1,24
"org.apache.tomcat.util.net.SocketEvent[ ]",1,48
"org.apache.tomcat.util.net.SocketProperties",1,104
"org.apache.tomcat.util.net.SocketWrapperBase$1",1,16
"org.apache.tomcat.util.net.SocketWrapperBase$2",1,16
"org.apache.tomcat.util.net.SocketWrapperBase$3",1,16
"org.apache.tomcat.util.scan.StandardJarScanFilter",1,56
"org.apache.tomcat.util.scan.StandardJarScanner",1,32
"org.apache.tomcat.util.threads.LimitLatch",1,32
"org.apache.tomcat.util.threads.LimitLatch$Sync",1,32
"org.apache.tomcat.util.threads.ScheduledThreadPoolExecutor",1,16
"org.apache.tomcat.util.threads.TaskQueue",1,48
"org.apache.tomcat.util.threads.ThreadPoolExecutor",1,96
"org.apache.tomcat.util.threads.ThreadPoolExecutor$RejectPolicy",1,16
"org.apache.tomcat.websocket.WsExtension",1,24
"org.apache.tomcat.websocket.server.WsContextListener",1,16
"org.apache.tomcat.websocket.server.WsFilter",1,24
"org.apache.tomcat.websocket.server.WsSci",1,16
"org.apache.tomcat.websocket.server.WsServerContainer",1,96
"org.apache.tomcat.websocket.server.WsSessionListener",1,16
"org.apache.tomcat.websocket.server.WsWriteTimeout",1,32
"org.apache.tomcat.websocket.server.WsWriteTimeout$$Lambda.0x0000000800502858",1,16
"org.jcp.xml.dsig.internal.dom.XMLDSigRI",1,104
"org.noureddine.joularjx.cpu.PowermetricsMacOS",1,24
"org.noureddine.joularjx.monitor.MonitoringHandler",1,72
"org.noureddine.joularjx.monitor.MonitoringHandler$$Lambda.0x000000080010a6b0",1,16
"org.noureddine.joularjx.monitor.MonitoringHandler$$Lambda.0x000000080018ed00",1,16
"org.noureddine.joularjx.monitor.MonitoringHandler$$Lambda.0x000000080018ef48",1,16
"org.noureddine.joularjx.monitor.MonitoringHandler$$Lambda.0x000000080018f3c0",1,16
"org.noureddine.joularjx.monitor.MonitoringHandler$$Lambda.0x000000080018fc28",1,16
"org.noureddine.joularjx.monitor.MonitoringStatus",1,48
"org.noureddine.joularjx.monitor.MonitoringStatus$$Lambda.0x00000008001bc000",1,16
"org.noureddine.joularjx.monitor.ShutdownHandler",1,40
"org.noureddine.joularjx.result.CsvResultWriter",1,16
"org.noureddine.joularjx.result.ResultTreeManager",1,64
"org.noureddine.joularjx.utils.AgentProperties",1,56
"org.noureddine.joularjx.utils.JoularJXFormatter",1,16
"org.noureddine.joularjx.utils.JoularJXLogging",1,24
"org.noureddine.joularjx.utils.Scope[ ]",1,24
"org.slf4j.bridge.SLF4JBridgeHandler",1,40
"org.slf4j.helpers.BasicMDCAdapter",1,24
"org.slf4j.helpers.BasicMDCAdapter$1",1,24
"org.slf4j.helpers.NOPLoggerFactory",1,16
"org.slf4j.helpers.NOPMDCAdapter",1,16
"org.slf4j.helpers.NOP_FallbackServiceProvider",1,24
"org.slf4j.helpers.Reporter$Level[ ]",1,32
"org.slf4j.helpers.Reporter$TargetChoice[ ]",1,24
"org.slf4j.helpers.SubstituteLoggerFactory",1,24
"org.slf4j.helpers.SubstituteServiceProvider",1,24
"org.springframework.aop.framework.adapter.AfterReturningAdviceAdapter",1,16
"org.springframework.aop.framework.adapter.DefaultAdvisorAdapterRegistry",1,16
"org.springframework.aop.framework.adapter.MethodBeforeAdviceAdapter",1,16
"org.springframework.aop.framework.adapter.ThrowsAdviceAdapter",1,16
"org.springframework.aop.framework.autoproxy.AbstractAdvisorAutoProxyCreator$BeanFactoryAdvisorRetrievalHelperAdapter",1,24
"org.springframework.aop.framework.autoproxy.InfrastructureAdvisorAutoProxyCreator",1,72
"org.springframework.asm.Label",1,56
"org.springframework.beans.SimpleBeanInfoFactory",1,16
"org.springframework.beans.factory.BeanFactoryUtils$$Lambda.0x0000000800311d88",1,16
"org.springframework.beans.factory.BeanFactoryUtils$$Lambda.0x00000008006c49e0",1,16
"org.springframework.beans.factory.annotation.AutowiredAnnotationBeanPostProcessor",1,56
"org.springframework.beans.factory.annotation.AutowiredAnnotationBeanPostProcessor$ShortcutDependencyDescriptor",1,72
"org.springframework.beans.factory.annotation.InitDestroyAnnotationBeanPostProcessor$1",1,40
"org.springframework.beans.factory.annotation.InjectionMetadata$1",1,24
"org.springframework.beans.factory.config.AutowiredPropertyMarker",1,16
"org.springframework.beans.factory.config.DependencyDescriptor",1,64
"org.springframework.beans.factory.config.RuntimeBeanReference",1,32
"org.springframework.beans.factory.parsing.FailFastProblemReporter",1,16
"org.springframework.beans.factory.parsing.PassThroughSourceExtractor",1,16
"org.springframework.beans.factory.support.AbstractAutowireCapableBeanFactory$$Lambda.0x00000008003debc8",1,16
"org.springframework.beans.factory.support.AbstractBeanFactory$BeanPostProcessorCache",1,32
"org.springframework.beans.factory.support.AbstractBeanFactory$BeanPostProcessorCacheAwareList",1,24
"org.springframework.beans.factory.support.AutowireUtils$$Lambda.0x0000000800466248",1,16
"org.springframework.beans.factory.support.BeanDefinitionDefaults",1,32
"org.springframework.beans.factory.support.CglibSubclassingInstantiationStrategy",1,16
"org.springframework.beans.factory.support.DefaultBeanNameGenerator",1,16
"org.springframework.beans.factory.support.DefaultListableBeanFactory",1,248
"org.springframework.beans.factory.support.DefaultListableBeanFactory$$Lambda.0x0000000800458d00",1,16
"org.springframework.beans.factory.support.DefaultListableBeanFactory$PreInstantiation[ ]",1,24
"org.springframework.beans.factory.support.DefaultSingletonBeanRegistry$$Lambda.0x000000080032dc28",1,16
"org.springframework.beans.factory.support.DefaultSingletonBeanRegistry$$Lambda.0x000000080032e240",1,16
"org.springframework.beans.factory.support.SimpleAutowireCandidateResolver",1,16
"org.springframework.beans.propertyeditors.ClassArrayEditor",1,32
"org.springframework.beans.propertyeditors.ClassEditor",1,32
"org.springframework.beans.propertyeditors.FileEditor",1,32
"org.springframework.beans.propertyeditors.InputSourceEditor",1,32
"org.springframework.beans.propertyeditors.InputStreamEditor",1,32
"org.springframework.beans.propertyeditors.PathEditor",1,32
"org.springframework.beans.propertyeditors.ReaderEditor",1,32
"org.springframework.beans.propertyeditors.URIEditor",1,32
"org.springframework.beans.propertyeditors.URLEditor",1,32
"org.springframework.beans.support.ResourceEditorRegistrar",1,24
"org.springframework.boot.ApplicationInfoPropertySource",1,24
"org.springframework.boot.Banner$Mode[ ]",1,32
"org.springframework.boot.BootstrapRegistry$Scope[ ]",1,24
"org.springframework.boot.ClearCachesApplicationListener",1,16
"org.springframework.boot.DefaultApplicationArguments",1,24
"org.springframework.boot.DefaultApplicationArguments$Source",1,32
"org.springframework.boot.DefaultApplicationContextFactory",1,16
"org.springframework.boot.SpringApplication$PropertySourceOrderingBeanFactoryPostProcessor",1,16
"org.springframework.boot.SpringApplicationBannerPrinter$PrintedBanner",1,24
"org.springframework.boot.SpringApplicationShutdownHook",1,40
"org.springframework.boot.SpringApplicationShutdownHook$ApplicationContextClosedListener",1,16
"org.springframework.boot.SpringApplicationShutdownHook$Handlers",1,24
"org.springframework.boot.SpringBootBanner",1,16
"org.springframework.boot.WebApplicationType[ ]",1,32
"org.springframework.boot.ansi.AnsiColor[ ]",1,88
"org.springframework.boot.ansi.AnsiOutput$Enabled[ ]",1,32
"org.springframework.boot.ansi.AnsiStyle[ ]",1,40
"org.springframework.boot.autoconfigure.AutoConfigurationImportSelector$AutoConfigurationEntry",1,24
"org.springframework.boot.autoconfigure.AutoConfigurationPackages$BasePackages",1,24
"org.springframework.boot.autoconfigure.AutoConfigurationPackages$Registrar",1,16
"org.springframework.boot.autoconfigure.BackgroundPreinitializer",1,16
"org.springframework.boot.autoconfigure.SharedMetadataReaderFactoryContextInitializer$CachingMetadataReaderFactoryPostProcessor",1,16
"org.springframework.boot.autoconfigure.SharedMetadataReaderFactoryContextInitializer$CachingMetadataReaderFactoryPostProcessor$$Lambda.0x000000080030ca88",1,16
"org.springframework.boot.autoconfigure.SharedMetadataReaderFactoryContextInitializer$SharedMetadataReaderFactoryBean",1,16
"org.springframework.boot.autoconfigure.aop.AopAutoConfiguration",1,16
"org.springframework.boot.autoconfigure.aop.AopAutoConfiguration$ClassProxyingConfiguration",1,16
"org.springframework.boot.autoconfigure.aop.AopAutoConfiguration$ClassProxyingConfiguration$$Lambda.0x000000080043f3b8",1,16
"org.springframework.boot.autoconfigure.availability.ApplicationAvailabilityAutoConfiguration",1,16
"org.springframework.boot.autoconfigure.codec.CodecProperties",1,24
"org.springframework.boot.autoconfigure.condition.ConditionEvaluationReport",1,32
"org.springframework.boot.autoconfigure.condition.ConditionEvaluationReport$$Lambda.0x00000008003c14e0",1,16
"org.springframework.boot.autoconfigure.condition.ConditionEvaluationReport$AncestorsMatchedCondition",1,16
"org.springframework.boot.autoconfigure.condition.ConditionMessage$Style$1",1,24
"org.springframework.boot.autoconfigure.condition.ConditionMessage$Style$2",1,24
"org.springframework.boot.autoconfigure.condition.ConditionMessage$Style[ ]",1,24
"org.springframework.boot.autoconfigure.condition.FilteringSpringBootCondition$ClassNameFilter$1",1,24
"org.springframework.boot.autoconfigure.condition.FilteringSpringBootCondition$ClassNameFilter$2",1,24
"org.springframework.boot.autoconfigure.condition.FilteringSpringBootCondition$ClassNameFilter[ ]",1,24
"org.springframework.boot.autoconfigure.condition.OnBeanCondition$Spec$$Lambda.0x00000008003dbb40",1,16
"org.springframework.boot.autoconfigure.condition.OnResourceCondition",1,16
"org.springframework.boot.autoconfigure.condition.OnWarDeploymentCondition",1,16
"org.springframework.boot.autoconfigure.context.ConfigurationPropertiesAutoConfiguration",1,16
"org.springframework.boot.autoconfigure.context.LifecycleAutoConfiguration",1,16
"org.springframework.boot.autoconfigure.context.LifecycleProperties",1,16
"org.springframework.boot.autoconfigure.context.MessageSourceAutoConfiguration$ResourceBundleCondition",1,16
"org.springframework.boot.autoconfigure.context.PropertyPlaceholderAutoConfiguration",1,16
"org.springframework.boot.autoconfigure.freemarker.FreeMarkerTemplateAvailabilityProvider",1,24
"org.springframework.boot.autoconfigure.groovy.template.GroovyTemplateAvailabilityProvider",1,24
"org.springframework.boot.autoconfigure.gson.GsonAutoConfiguration",1,16
"org.springframework.boot.autoconfigure.gson.GsonAutoConfiguration$StandardGsonBuilderCustomizer",1,16
"org.springframework.boot.autoconfigure.gson.GsonProperties",1,56
"org.springframework.boot.autoconfigure.http.GsonHttpMessageConvertersConfiguration",1,16
"org.springframework.boot.autoconfigure.http.GsonHttpMessageConvertersConfiguration$PreferGsonOrJacksonAndJsonbUnavailableCondition",1,24
"org.springframework.boot.autoconfigure.http.HttpMessageConverters",1,16
"org.springframework.boot.autoconfigure.http.HttpMessageConvertersAutoConfiguration",1,16
"org.springframework.boot.autoconfigure.http.HttpMessageConvertersAutoConfiguration$NotReactiveWebApplicationCondition",1,24
"org.springframework.boot.autoconfigure.http.HttpMessageConvertersAutoConfiguration$StringHttpMessageConverterConfiguration",1,16
"org.springframework.boot.autoconfigure.http.JacksonHttpMessageConvertersConfiguration",1,16
"org.springframework.boot.autoconfigure.http.JacksonHttpMessageConvertersConfiguration$MappingJackson2HttpMessageConverterConfiguration",1,16
"org.springframework.boot.autoconfigure.http.client.HttpClientAutoConfiguration",1,16
"org.springframework.boot.autoconfigure.http.client.HttpClientProperties",1,32
"org.springframework.boot.autoconfigure.http.client.HttpClientProperties$Ssl",1,16
"org.springframework.boot.autoconfigure.http.client.NotReactiveWebApplicationCondition",1,24
"org.springframework.boot.autoconfigure.http.codec.CodecsAutoConfiguration",1,16
"org.springframework.boot.autoconfigure.http.codec.CodecsAutoConfiguration$DefaultCodecsConfiguration",1,16
"org.springframework.boot.autoconfigure.http.codec.CodecsAutoConfiguration$DefaultCodecsConfiguration$$Lambda.0x000000080053ce70",1,16
"org.springframework.boot.autoconfigure.http.codec.CodecsAutoConfiguration$JacksonCodecConfiguration",1,16
"org.springframework.boot.autoconfigure.http.codec.CodecsAutoConfiguration$JacksonCodecConfiguration$$Lambda.0x000000080053d090",1,16
"org.springframework.boot.autoconfigure.info.ProjectInfoAutoConfiguration",1,16
"org.springframework.boot.autoconfigure.info.ProjectInfoAutoConfiguration$GitResourceAvailableCondition",1,16
"org.springframework.boot.autoconfigure.info.ProjectInfoProperties",1,24
"org.springframework.boot.autoconfigure.info.ProjectInfoProperties$Build",1,24
"org.springframework.boot.autoconfigure.info.ProjectInfoProperties$Git",1,24
"org.springframework.boot.autoconfigure.jackson.JacksonAutoConfiguration",1,16
"org.springframework.boot.autoconfigure.jackson.JacksonAutoConfiguration$Jackson2ObjectMapperBuilderCustomizerConfiguration",1,16
"org.springframework.boot.autoconfigure.jackson.JacksonAutoConfiguration$Jackson2ObjectMapperBuilderCustomizerConfiguration$StandardJackson2ObjectMapperBuilderCustomizer",1,24
"org.springframework.boot.autoconfigure.jackson.JacksonAutoConfiguration$JacksonMixinConfiguration",1,16
"org.springframework.boot.autoconfigure.jackson.JacksonAutoConfiguration$JacksonObjectMapperBuilderConfiguration",1,16
"org.springframework.boot.autoconfigure.jackson.JacksonAutoConfiguration$JacksonObjectMapperConfiguration",1,16
"org.springframework.boot.autoconfigure.jackson.JacksonAutoConfiguration$ParameterNamesModuleConfiguration",1,16
"org.springframework.boot.autoconfigure.jackson.JacksonProperties",1,72
"org.springframework.boot.autoconfigure.jackson.JacksonProperties$Datatype",1,24
"org.springframework.boot.autoconfigure.logging.ConditionEvaluationReportLogger",1,24
"org.springframework.boot.autoconfigure.logging.ConditionEvaluationReportLoggingListener",1,16
"org.springframework.boot.autoconfigure.logging.ConditionEvaluationReportLoggingListener$ConditionEvaluationReportListener",1,24
"org.springframework.boot.autoconfigure.logging.ConditionEvaluationReportLoggingListener$ConditionEvaluationReportListener$$Lambda.0x00000008002d70c0",1,16
"org.springframework.boot.autoconfigure.mustache.MustacheTemplateAvailabilityProvider",1,16
"org.springframework.boot.autoconfigure.netty.NettyAutoConfiguration",1,16
"org.springframework.boot.autoconfigure.netty.NettyProperties",1,16
"org.springframework.boot.autoconfigure.reactor.ReactorAutoConfiguration",1,16
"org.springframework.boot.autoconfigure.reactor.ReactorProperties",1,16
"org.springframework.boot.autoconfigure.reactor.ReactorProperties$ContextPropagationMode[ ]",1,24
"org.springframework.boot.autoconfigure.reactor.netty.ReactorNettyConfigurations$ReactorResourceFactoryConfiguration",1,16
"org.springframework.boot.autoconfigure.reactor.netty.ReactorNettyProperties",1,16
"org.springframework.boot.autoconfigure.sql.init.SqlInitializationAutoConfiguration",1,16
"org.springframework.boot.autoconfigure.sql.init.SqlInitializationAutoConfiguration$SqlInitializationModeCondition",1,24
"org.springframework.boot.autoconfigure.sql.init.SqlInitializationProperties",1,48
"org.springframework.boot.autoconfigure.ssl.FileWatcher",1,24
"org.springframework.boot.autoconfigure.ssl.SslAutoConfiguration",1,24
"org.springframework.boot.autoconfigure.ssl.SslProperties",1,16
"org.springframework.boot.autoconfigure.ssl.SslProperties$Bundles",1,24
"org.springframework.boot.autoconfigure.ssl.SslProperties$Bundles$Watch",1,16
"org.springframework.boot.autoconfigure.ssl.SslProperties$Bundles$Watch$File",1,16
"org.springframework.boot.autoconfigure.ssl.SslPropertiesBundleRegistrar",1,24
"org.springframework.boot.autoconfigure.task.TaskExecutionAutoConfiguration",1,16
"org.springframework.boot.autoconfigure.task.TaskExecutionProperties",1,32
"org.springframework.boot.autoconfigure.task.TaskExecutionProperties$Pool",1,40
"org.springframework.boot.autoconfigure.task.TaskExecutionProperties$Pool$Shutdown",1,16
"org.springframework.boot.autoconfigure.task.TaskExecutionProperties$Shutdown",1,24
"org.springframework.boot.autoconfigure.task.TaskExecutionProperties$Simple",1,16
"org.springframework.boot.autoconfigure.task.TaskExecutorConfigurations$SimpleAsyncTaskExecutorBuilderConfiguration",1,24
"org.springframework.boot.autoconfigure.task.TaskExecutorConfigurations$TaskExecutorConfiguration",1,16
"org.springframework.boot.autoconfigure.task.TaskExecutorConfigurations$ThreadPoolTaskExecutorBuilderConfiguration",1,16
"org.springframework.boot.autoconfigure.task.TaskSchedulingAutoConfiguration",1,16
"org.springframework.boot.autoconfigure.task.TaskSchedulingConfigurations$SimpleAsyncTaskSchedulerBuilderConfiguration",1,24
"org.springframework.boot.autoconfigure.task.TaskSchedulingConfigurations$ThreadPoolTaskSchedulerBuilderConfiguration",1,16
"org.springframework.boot.autoconfigure.task.TaskSchedulingProperties",1,32
"org.springframework.boot.autoconfigure.task.TaskSchedulingProperties$Pool",1,16
"org.springframework.boot.autoconfigure.task.TaskSchedulingProperties$Shutdown",1,24
"org.springframework.boot.autoconfigure.task.TaskSchedulingProperties$Simple",1,16
"org.springframework.boot.autoconfigure.template.TemplateAvailabilityProviders",1,24
"org.springframework.boot.autoconfigure.template.TemplateAvailabilityProviders$1",1,64
"org.springframework.boot.autoconfigure.template.TemplateAvailabilityProviders$NoTemplateAvailabilityProvider",1,16
"org.springframework.boot.autoconfigure.thread.Threading$1",1,24
"org.springframework.boot.autoconfigure.thread.Threading$2",1,24
"org.springframework.boot.autoconfigure.thymeleaf.ThymeleafTemplateAvailabilityProvider",1,16
"org.springframework.boot.autoconfigure.web.ErrorProperties",1,40
"org.springframework.boot.autoconfigure.web.ErrorProperties$IncludeAttribute[ ]",1,32
"org.springframework.boot.autoconfigure.web.ErrorProperties$Whitelabel",1,16
"org.springframework.boot.autoconfigure.web.OnEnabledResourceChainCondition",1,16
"org.springframework.boot.autoconfigure.web.ServerProperties",1,80
"org.springframework.boot.autoconfigure.web.ServerProperties$Jetty",1,40
"org.springframework.boot.autoconfigure.web.ServerProperties$Jetty$Accesslog",1,40
"org.springframework.boot.autoconfigure.web.ServerProperties$Jetty$Accesslog$FORMAT[ ]",1,24
"org.springframework.boot.autoconfigure.web.ServerProperties$Jetty$Threads",1,40
"org.springframework.boot.autoconfigure.web.ServerProperties$Netty",1,40
"org.springframework.boot.autoconfigure.web.ServerProperties$Reactive",1,16
"org.springframework.boot.autoconfigure.web.ServerProperties$Reactive$Session",1,24
"org.springframework.boot.autoconfigure.web.ServerProperties$Servlet",1,40
"org.springframework.boot.autoconfigure.web.ServerProperties$Tomcat",1,104
"org.springframework.boot.autoconfigure.web.ServerProperties$Tomcat$Accesslog",1,64
"org.springframework.boot.autoconfigure.web.ServerProperties$Tomcat$Mbeanregistry",1,16
"org.springframework.boot.autoconfigure.web.ServerProperties$Tomcat$Remoteip",1,40
"org.springframework.boot.autoconfigure.web.ServerProperties$Tomcat$Resource",1,24
"org.springframework.boot.autoconfigure.web.ServerProperties$Tomcat$Threads",1,24
"org.springframework.boot.autoconfigure.web.ServerProperties$Undertow",1,72
"org.springframework.boot.autoconfigure.web.ServerProperties$Undertow$Accesslog",1,32
"org.springframework.boot.autoconfigure.web.ServerProperties$Undertow$Options",1,24
"org.springframework.boot.autoconfigure.web.ServerProperties$Undertow$Threads",1,24
"org.springframework.boot.autoconfigure.web.WebProperties",1,24
"org.springframework.boot.autoconfigure.web.WebProperties$LocaleResolver[ ]",1,24
"org.springframework.boot.autoconfigure.web.WebProperties$Resources",1,32
"org.springframework.boot.autoconfigure.web.WebProperties$Resources$Cache",1,24
"org.springframework.boot.autoconfigure.web.WebProperties$Resources$Cache$Cachecontrol",1,64
"org.springframework.boot.autoconfigure.web.WebProperties$Resources$Chain",1,24
"org.springframework.boot.autoconfigure.web.WebProperties$Resources$Chain$Strategy",1,24
"org.springframework.boot.autoconfigure.web.WebProperties$Resources$Chain$Strategy$Content",1,24
"org.springframework.boot.autoconfigure.web.WebProperties$Resources$Chain$Strategy$Fixed",1,24
"org.springframework.boot.autoconfigure.web.client.AutoConfiguredRestClientSsl",1,24
"org.springframework.boot.autoconfigure.web.client.HttpMessageConvertersRestClientCustomizer",1,16
"org.springframework.boot.autoconfigure.web.client.RestClientAutoConfiguration",1,16
"org.springframework.boot.autoconfigure.web.client.RestClientAutoConfiguration$$Lambda.0x00000008005b3b00",1,16
"org.springframework.boot.autoconfigure.web.client.RestClientBuilderConfigurer",1,24
"org.springframework.boot.autoconfigure.web.client.RestTemplateAutoConfiguration",1,16
"org.springframework.boot.autoconfigure.web.embedded.EmbeddedWebServerFactoryCustomizerAutoConfiguration",1,16
"org.springframework.boot.autoconfigure.web.embedded.EmbeddedWebServerFactoryCustomizerAutoConfiguration$NettyWebServerFactoryCustomizerConfiguration",1,16
"org.springframework.boot.autoconfigure.web.embedded.EmbeddedWebServerFactoryCustomizerAutoConfiguration$TomcatWebServerFactoryCustomizerConfiguration",1,16
"org.springframework.boot.autoconfigure.web.embedded.NettyWebServerFactoryCustomizer",1,24
"org.springframework.boot.autoconfigure.web.embedded.TomcatWebServerFactoryCustomizer",1,24
"org.springframework.boot.autoconfigure.web.embedded.TomcatWebServerFactoryCustomizer$$Lambda.0x0000000800475000",1,16
"org.springframework.boot.autoconfigure.web.embedded.TomcatWebServerFactoryCustomizer$$Lambda.0x0000000800475ad8",1,16
"org.springframework.boot.autoconfigure.web.embedded.TomcatWebServerFactoryCustomizer$$Lambda.0x0000000800478230",1,16
"org.springframework.boot.autoconfigure.web.embedded.TomcatWebServerFactoryCustomizer$$Lambda.0x0000000800479718",1,16
"org.springframework.boot.autoconfigure.web.embedded.TomcatWebServerFactoryCustomizer$$Lambda.0x000000080047a208",1,16
"org.springframework.boot.autoconfigure.web.embedded.TomcatWebServerFactoryCustomizer$$Lambda.0x000000080047aaa8",1,16
"org.springframework.boot.autoconfigure.web.embedded.TomcatWebServerFactoryCustomizer$$Lambda.0x000000080047b590",1,16
"org.springframework.boot.autoconfigure.web.embedded.TomcatWebServerFactoryCustomizer$$Lambda.0x000000080047cd80",1,16
"org.springframework.boot.autoconfigure.web.embedded.TomcatWebServerFactoryCustomizer$$Lambda.0x000000080047d638",1,16
"org.springframework.boot.autoconfigure.web.embedded.TomcatWebServerFactoryCustomizer$$Lambda.0x000000080047dca0",1,16
"org.springframework.boot.autoconfigure.web.embedded.TomcatWebServerFactoryCustomizer$$Lambda.0x000000080047e758",1,16
"org.springframework.boot.autoconfigure.web.embedded.TomcatWebServerFactoryCustomizer$$Lambda.0x000000080047fb10",1,16
"org.springframework.boot.autoconfigure.web.embedded.TomcatWebServerFactoryCustomizer$$Lambda.0x000000080047fd30",1,16
"org.springframework.boot.autoconfigure.web.embedded.TomcatWebServerFactoryCustomizer$$Lambda.0x00000008004a1a00",1,24
"org.springframework.boot.autoconfigure.web.format.WebConversionService",1,32
"org.springframework.boot.autoconfigure.web.reactive.function.client.AutoConfiguredWebClientSsl",1,24
"org.springframework.boot.autoconfigure.web.reactive.function.client.ClientHttpConnectorAutoConfiguration",1,16
"org.springframework.boot.autoconfigure.web.reactive.function.client.ClientHttpConnectorFactoryConfiguration$ReactorNetty",1,16
"org.springframework.boot.autoconfigure.web.reactive.function.client.ClientHttpConnectorFactoryConfiguration$ReactorNetty$$Lambda.0x00000008005b4d20",1,16
"org.springframework.boot.autoconfigure.web.reactive.function.client.ReactorClientHttpConnectorFactory",1,24
"org.springframework.boot.autoconfigure.web.reactive.function.client.WebClientAutoConfiguration",1,16
"org.springframework.boot.autoconfigure.web.reactive.function.client.WebClientAutoConfiguration$WebClientCodecsConfiguration",1,16
"org.springframework.boot.autoconfigure.web.reactive.function.client.WebClientCodecCustomizer",1,16
"org.springframework.boot.autoconfigure.web.servlet.DispatcherServletAutoConfiguration",1,16
"org.springframework.boot.autoconfigure.web.servlet.DispatcherServletAutoConfiguration$DefaultDispatcherServletCondition",1,16
"org.springframework.boot.autoconfigure.web.servlet.DispatcherServletAutoConfiguration$DispatcherServletConfiguration",1,16
"org.springframework.boot.autoconfigure.web.servlet.DispatcherServletAutoConfiguration$DispatcherServletRegistrationCondition",1,16
"org.springframework.boot.autoconfigure.web.servlet.DispatcherServletAutoConfiguration$DispatcherServletRegistrationConfiguration",1,16
"org.springframework.boot.autoconfigure.web.servlet.DispatcherServletRegistrationBean",1,56
"org.springframework.boot.autoconfigure.web.servlet.HttpEncodingAutoConfiguration",1,16
"org.springframework.boot.autoconfigure.web.servlet.HttpEncodingAutoConfiguration$LocaleCharsetMappingsCustomizer",1,16
"org.springframework.boot.autoconfigure.web.servlet.JspTemplateAvailabilityProvider",1,16
"org.springframework.boot.autoconfigure.web.servlet.MultipartAutoConfiguration",1,16
"org.springframework.boot.autoconfigure.web.servlet.MultipartProperties",1,32
"org.springframework.boot.autoconfigure.web.servlet.ServletWebServerFactoryAutoConfiguration",1,16
"org.springframework.boot.autoconfigure.web.servlet.ServletWebServerFactoryAutoConfiguration$BeanPostProcessorsRegistrar",1,16
"org.springframework.boot.autoconfigure.web.servlet.ServletWebServerFactoryConfiguration$EmbeddedTomcat",1,16
"org.springframework.boot.autoconfigure.web.servlet.ServletWebServerFactoryCustomizer",1,32
"org.springframework.boot.autoconfigure.web.servlet.TomcatServletWebServerFactoryCustomizer",1,16
"org.springframework.boot.autoconfigure.web.servlet.TomcatServletWebServerFactoryCustomizer$$Lambda.0x000000080046bde8",1,16
"org.springframework.boot.autoconfigure.web.servlet.TomcatServletWebServerFactoryCustomizer$$Lambda.0x0000000800476000",1,16
"org.springframework.boot.autoconfigure.web.servlet.WebMvcAutoConfiguration",1,16
"org.springframework.boot.autoconfigure.web.servlet.WebMvcAutoConfiguration$EnableWebMvcConfiguration",1,88
"org.springframework.boot.autoconfigure.web.servlet.WebMvcAutoConfiguration$WebMvcAutoConfigurationAdapter",1,48
"org.springframework.boot.autoconfigure.web.servlet.WebMvcProperties",1,64
"org.springframework.boot.autoconfigure.web.servlet.WebMvcProperties$Async",1,16
"org.springframework.boot.autoconfigure.web.servlet.WebMvcProperties$Contentnegotiation",1,24
"org.springframework.boot.autoconfigure.web.servlet.WebMvcProperties$Format",1,24
"org.springframework.boot.autoconfigure.web.servlet.WebMvcProperties$MatchingStrategy[ ]",1,24
"org.springframework.boot.autoconfigure.web.servlet.WebMvcProperties$Pathmatch",1,16
"org.springframework.boot.autoconfigure.web.servlet.WebMvcProperties$Problemdetails",1,16
"org.springframework.boot.autoconfigure.web.servlet.WebMvcProperties$Servlet",1,24
"org.springframework.boot.autoconfigure.web.servlet.WebMvcProperties$View",1,24
"org.springframework.boot.autoconfigure.web.servlet.WelcomePage",1,24
"org.springframework.boot.autoconfigure.web.servlet.WelcomePageHandlerMapping",1,88
"org.springframework.boot.autoconfigure.web.servlet.WelcomePageNotAcceptableHandlerMapping",1,88
"org.springframework.boot.autoconfigure.web.servlet.error.BasicErrorController",1,24
"org.springframework.boot.autoconfigure.web.servlet.error.DefaultErrorViewResolver",1,32
"org.springframework.boot.autoconfigure.web.servlet.error.ErrorMvcAutoConfiguration",1,16
"org.springframework.boot.autoconfigure.web.servlet.error.ErrorMvcAutoConfiguration$DefaultErrorViewResolverConfiguration",1,24
"org.springframework.boot.autoconfigure.web.servlet.error.ErrorMvcAutoConfiguration$ErrorPageCustomizer",1,24
"org.springframework.boot.autoconfigure.web.servlet.error.ErrorMvcAutoConfiguration$ErrorTemplateMissingCondition",1,16
"org.springframework.boot.autoconfigure.web.servlet.error.ErrorMvcAutoConfiguration$PreserveErrorControllerTargetClassPostProcessor",1,16
"org.springframework.boot.autoconfigure.web.servlet.error.ErrorMvcAutoConfiguration$StaticView",1,16
"org.springframework.boot.autoconfigure.web.servlet.error.ErrorMvcAutoConfiguration$WhitelabelErrorViewConfiguration",1,16
"org.springframework.boot.autoconfigure.webservices.OnWsdlLocationsCondition",1,24
"org.springframework.boot.autoconfigure.webservices.OnWsdlLocationsCondition$$Lambda.0x0000000800411ba8",1,16
"org.springframework.boot.autoconfigure.webservices.WebServicesAutoConfiguration",1,16
"org.springframework.boot.autoconfigure.webservices.WebServicesAutoConfiguration$WsConfiguration",1,16
"org.springframework.boot.autoconfigure.webservices.WebServicesProperties",1,24
"org.springframework.boot.autoconfigure.webservices.WebServicesProperties$Servlet",1,24
"org.springframework.boot.autoconfigure.webservices.client.WebServiceTemplateAutoConfiguration",1,16
"org.springframework.boot.autoconfigure.webservices.client.WebServiceTemplateAutoConfiguration$$Lambda.0x00000008005b8b28",1,16
"org.springframework.boot.autoconfigure.websocket.servlet.TomcatWebSocketServletWebServerCustomizer",1,16
"org.springframework.boot.autoconfigure.websocket.servlet.TomcatWebSocketServletWebServerCustomizer$$Lambda.0x000000080046a000",1,16
"org.springframework.boot.autoconfigure.websocket.servlet.WebSocketServletAutoConfiguration",1,16
"org.springframework.boot.autoconfigure.websocket.servlet.WebSocketServletAutoConfiguration$TomcatWebSocketConfiguration",1,16
"org.springframework.boot.availability.ApplicationAvailabilityBean",1,24
"org.springframework.boot.availability.LivenessState[ ]",1,24
"org.springframework.boot.availability.ReadinessState[ ]",1,24
"org.springframework.boot.builder.ParentContextCloserApplicationListener",1,24
"org.springframework.boot.cloud.CloudPlatform$1",1,24
"org.springframework.boot.cloud.CloudPlatform$2",1,24
"org.springframework.boot.cloud.CloudPlatform$3",1,24
"org.springframework.boot.cloud.CloudPlatform$4",1,24
"org.springframework.boot.cloud.CloudPlatform$5",1,24
"org.springframework.boot.cloud.CloudPlatform$6",1,24
"org.springframework.boot.cloud.CloudPlatform$7",1,32
"org.springframework.boot.cloud.CloudPlatform[ ]",1,48
"org.springframework.boot.context.ConfigurationWarningsApplicationContextInitializer$Check[ ]",1,24
"org.springframework.boot.context.ConfigurationWarningsApplicationContextInitializer$ComponentScanPackageCheck",1,16
"org.springframework.boot.context.ConfigurationWarningsApplicationContextInitializer$ConfigurationWarningsPostProcessor",1,16
"org.springframework.boot.context.ContextIdApplicationContextInitializer$ContextId",1,24
"org.springframework.boot.context.FileEncodingApplicationListener",1,16
"org.springframework.boot.context.config.AnsiOutputApplicationListener",1,16
"org.springframework.boot.context.config.ConfigData",1,24
"org.springframework.boot.context.config.ConfigDataEnvironmentContributor$$Lambda.0x000000080026f858",1,16
"org.springframework.boot.context.config.ConfigDataEnvironmentContributor$ImportPhase[ ]",1,24
"org.springframework.boot.context.config.ConfigDataEnvironmentContributor$Kind[ ]",1,40
"org.springframework.boot.context.config.ConfigDataEnvironmentContributors$$Lambda.0x000000080025e878",1,16
"org.springframework.boot.context.config.ConfigDataEnvironmentContributors$BinderOption",1,24
"org.springframework.boot.context.config.ConfigDataEnvironmentUpdateListener$1",1,16
"org.springframework.boot.context.config.ConfigDataNotFoundAction$1",1,24
"org.springframework.boot.context.config.ConfigDataNotFoundAction$2",1,24
"org.springframework.boot.context.config.ConfigDataNotFoundAction[ ]",1,24
"org.springframework.boot.context.config.LocationResourceLoader$$Lambda.0x0000000800256ee0",1,16
"org.springframework.boot.context.config.LocationResourceLoader$$Lambda.0x0000000800257118",1,16
"org.springframework.boot.context.config.LocationResourceLoader$ResourceType[ ]",1,24
"org.springframework.boot.context.config.Profiles$Type$$Lambda.0x000000080026eb78",1,16
"org.springframework.boot.context.config.Profiles$Type$$Lambda.0x000000080026edb0",1,16
"org.springframework.boot.context.config.Profiles$Type[ ]",1,24
"org.springframework.boot.context.logging.LoggingApplicationListener",1,40
"org.springframework.boot.context.logging.LoggingApplicationListener$Lifecycle",1,24
"org.springframework.boot.context.properties.BoundConfigurationProperties",1,16
"org.springframework.boot.context.properties.ConfigurationPropertiesBinder",1,40
"org.springframework.boot.context.properties.ConfigurationPropertiesBinder$$Lambda.0x0000000800465e18",1,16
"org.springframework.boot.context.properties.ConfigurationPropertiesBinder$ConfigurationPropertiesBinderFactory",1,16
"org.springframework.boot.context.properties.ConfigurationPropertiesBindingPostProcessor",1,24
"org.springframework.boot.context.properties.PropertyMapper",1,24
"org.springframework.boot.context.properties.PropertyMapper$$Lambda.0x000000080046a420",1,16
"org.springframework.boot.context.properties.bind.BindConverter$ResolvableTypeDescriptor",1,24
"org.springframework.boot.context.properties.bind.BindHandler$1",1,16
"org.springframework.boot.context.properties.bind.BindMethod[ ]",1,24
"org.springframework.boot.context.properties.bind.BindResult",1,16
"org.springframework.boot.context.properties.bind.Bindable$$Lambda.0x000000080028e828",1,16
"org.springframework.boot.context.properties.bind.Bindable$$Lambda.0x00000008004642f0",1,16
"org.springframework.boot.context.properties.bind.Bindable$BindRestriction",1,24
"org.springframework.boot.context.properties.bind.Binder",1,32
"org.springframework.boot.context.properties.bind.DefaultBindConstructorProvider",1,16
"org.springframework.boot.context.properties.bind.DefaultBindConstructorProvider$Constructors",1,24
"org.springframework.boot.context.properties.bind.JavaBeanBinder",1,16
"org.springframework.boot.context.properties.bind.JavaBeanBinder$Bean",1,24
"org.springframework.boot.context.properties.bind.JavaBeanBinder$BeanProperties$$Lambda.0x000000080028f0b8",1,16
"org.springframework.boot.context.properties.bind.JavaBeanBinder$BeanProperties$$Lambda.0x0000000800291020",1,16
"org.springframework.boot.context.properties.bind.JavaBeanBinder$BeanProperties$$Lambda.0x0000000800291258",1,16
"org.springframework.boot.context.properties.bind.JavaBeanBinder$BeanProperties$$Lambda.0x00000008002916f0",1,16
"org.springframework.boot.context.properties.bind.JavaBeanBinder$BeanProperties$$Lambda.0x0000000800291d50",1,16
"org.springframework.boot.context.properties.bind.JavaBeanBinder$BeanProperties$$Lambda.0x0000000800292ea0",1,16
"org.springframework.boot.context.properties.bind.JavaBeanBinder$BeanProperty",1,32
"org.springframework.boot.context.properties.bind.PropertySourcesPlaceholdersResolver",1,24
"org.springframework.boot.context.properties.bind.ValueObjectBinder",1,16
"org.springframework.boot.context.properties.bind.ValueObjectBinder$Discoverer$$Lambda.0x0000000800252d10",1,16
"org.springframework.boot.context.properties.bind.ValueObjectBinder$Discoverer$$Lambda.0x0000000800252f38",1,16
"org.springframework.boot.context.properties.source.ConfigurationPropertyName$$Lambda.0x000000080024c3e8",1,16
"org.springframework.boot.context.properties.source.ConfigurationPropertyName$Form[ ]",1,32
"org.springframework.boot.context.properties.source.ConfigurationPropertySourcesPropertyResolver",1,64
"org.springframework.boot.context.properties.source.ConfigurationPropertySourcesPropertyResolver$DefaultResolver",1,56
"org.springframework.boot.context.properties.source.ConfigurationPropertySourcesPropertySource",1,24
"org.springframework.boot.context.properties.source.ConfigurationPropertyState[ ]",1,32
"org.springframework.boot.context.properties.source.DefaultPropertyMapper",1,24
"org.springframework.boot.context.properties.source.PropertyMapper$$Lambda.0x0000000800247498",1,16
"org.springframework.boot.context.properties.source.SpringIterableConfigurationPropertySource$$Lambda.0x00000008002592c0",1,16
"org.springframework.boot.context.properties.source.SpringIterableConfigurationPropertySource$Mappings$$Lambda.0x0000000800244800",1,16
"org.springframework.boot.context.properties.source.SystemEnvironmentPropertyMapper",1,16
"org.springframework.boot.context.properties.source.SystemEnvironmentPropertyMapper$$Lambda.0x000000080024c840",1,16
"org.springframework.boot.env.EnvironmentPostProcessorApplicationListener",1,24
"org.springframework.boot.env.EnvironmentPostProcessorApplicationListener$$Lambda.0x0000000800211b28",1,16
"org.springframework.boot.env.OriginTrackedMapPropertySource",1,32
"org.springframework.boot.env.RandomValuePropertySource",1,24
"org.springframework.boot.env.SystemEnvironmentPropertySourceEnvironmentPostProcessor$OriginAwareSystemEnvironmentPropertySource",1,32
"org.springframework.boot.http.client.AbstractClientHttpRequestFactoryBuilder$$Lambda.0x00000008005b04b0",1,16
"org.springframework.boot.http.client.ClientHttpRequestFactorySettings$Redirects[ ]",1,32
"org.springframework.boot.http.client.ReactorClientHttpRequestFactoryBuilder",1,24
"org.springframework.boot.io.ApplicationResourceLoader$ProtocolResolvingResourceLoader",1,24
"org.springframework.boot.jackson.JsonComponentModule",1,72
"org.springframework.boot.jackson.JsonMixinModule",1,72
"org.springframework.boot.jackson.JsonMixinModuleEntries",1,16
"org.springframework.boot.loader.jar.MetaInfVersionsInfo$$Lambda.0x000000080018e000",1,16
"org.springframework.boot.loader.jar.MetaInfVersionsInfo$$Lambda.0x000000080018e218",1,16
"org.springframework.boot.loader.jar.MetaInfVersionsInfo$$Lambda.0x000000080018e450",1,16
"org.springframework.boot.loader.jar.NestedJarFile$$Lambda.0x0000000800187d68",1,16
"org.springframework.boot.loader.jar.NestedJarFileResources$$Lambda.0x000000080018ead8",1,16
"org.springframework.boot.loader.launch.Archive$$Lambda.0x000000080010c000",1,16
"org.springframework.boot.loader.launch.JarFileArchive",1,24
"org.springframework.boot.loader.launch.LaunchedClassLoader",1,120
"org.springframework.boot.loader.log.DebugLogger$DisabledDebugLogger",1,16
"org.springframework.boot.loader.net.protocol.jar.Handler",1,16
"org.springframework.boot.loader.net.protocol.jar.JarFileUrlKey$$Lambda.0x0000000800187928",1,16
"org.springframework.boot.loader.net.protocol.jar.JarFileUrlKey$$Lambda.0x00000008006b22e0",1,16
"org.springframework.boot.loader.net.protocol.jar.JarUrlConnection$$Lambda.0x00000008001144e8",1,16
"org.springframework.boot.loader.net.protocol.jar.JarUrlConnection$EmptyUrlStreamHandler",1,16
"org.springframework.boot.loader.net.protocol.jar.UrlJarFileFactory",1,16
"org.springframework.boot.loader.net.protocol.jar.UrlJarFiles",1,24
"org.springframework.boot.loader.net.protocol.jar.UrlJarFiles$Cache",1,24
"org.springframework.boot.loader.ref.DefaultCleaner",1,16
"org.springframework.boot.loader.zip.FileDataBlock$$Lambda.0x0000000800184af8",1,16
"org.springframework.boot.loader.zip.FileDataBlock$$Lambda.0x00000008006acaa8",1,16
"org.springframework.boot.loader.zip.FileDataBlock$FileAccess",1,56
"org.springframework.boot.loader.zip.FileDataBlock$Tracker$1",1,16
"org.springframework.boot.loader.zip.ZipContent$Kind[ ]",1,32
"org.springframework.boot.loader.zip.ZipString$CompareType[ ]",1,32
"org.springframework.boot.logging.AbstractLoggingSystem$LogLevels",1,24
"org.springframework.boot.logging.DeferredLog$Lines",1,16
"org.springframework.boot.logging.DeferredLogs",1,24
"org.springframework.boot.logging.DelegatingLoggingSystemFactory",1,16
"org.springframework.boot.logging.LogLevel$$Lambda.0x0000000800204fb8",1,16
"org.springframework.boot.logging.LogLevel$$Lambda.0x00000008002051d0",1,16
"org.springframework.boot.logging.LogLevel$$Lambda.0x00000008002053e8",1,16
"org.springframework.boot.logging.LogLevel$$Lambda.0x0000000800205600",1,16
"org.springframework.boot.logging.LogLevel$$Lambda.0x0000000800205818",1,16
"org.springframework.boot.logging.LogLevel$$Lambda.0x0000000800205a30",1,16
"org.springframework.boot.logging.LoggerConfigurationComparator",1,16
"org.springframework.boot.logging.LoggerGroups",1,16
"org.springframework.boot.logging.LoggingSystemFactory$$Lambda.0x000000080021e230",1,16
"org.springframework.boot.logging.LoggingSystemProperties$$Lambda.0x0000000800275088",1,16
"org.springframework.boot.logging.LoggingSystemProperty[ ]",1,88
"org.springframework.boot.logging.logback.ExtendedWhitespaceThrowableProxyConverter",1,48
"org.springframework.boot.logging.logback.LogbackLoggingSystem",1,24
"org.springframework.boot.logging.logback.LogbackLoggingSystem$$Lambda.0x000000080028dfa0",1,16
"org.springframework.boot.logging.logback.LogbackLoggingSystem$1",1,32
"org.springframework.boot.logging.logback.RollingPolicySystemProperty[ ]",1,40
"org.springframework.boot.origin.OriginTrackedResource",1,24
"org.springframework.boot.rsocket.context.RSocketPortInfoApplicationContextInitializer$Listener",1,16
"org.springframework.boot.sql.init.DatabaseInitializationMode[ ]",1,32
"org.springframework.boot.sql.init.dependency.DatabaseInitializationDependencyConfigurer",1,16
"org.springframework.boot.sql.init.dependency.DatabaseInitializationDependencyConfigurer$DependsOnDatabaseInitializationPostProcessor",1,16
"org.springframework.boot.ssl.DefaultSslBundleRegistry",1,16
"org.springframework.boot.task.SimpleAsyncTaskExecutorBuilder",1,40
"org.springframework.boot.task.SimpleAsyncTaskSchedulerBuilder",1,32
"org.springframework.boot.task.ThreadPoolTaskExecutorBuilder",1,56
"org.springframework.boot.task.ThreadPoolTaskSchedulerBuilder",1,32
"org.springframework.boot.type.classreading.ConcurrentReferenceCachingMetadataReaderFactory",1,24
"org.springframework.boot.util.LambdaSafe$InvocationResult",1,16
"org.springframework.boot.validation.beanvalidation.MethodValidationExcludeFilter$$Lambda.0x00000008005339b0",1,24
"org.springframework.boot.web.context.ServerPortInfoApplicationContextInitializer",1,16
"org.springframework.boot.web.context.WebServerGracefulShutdownLifecycle",1,24
"org.springframework.boot.web.embedded.tomcat.GracefulShutdown",1,24
"org.springframework.boot.web.embedded.tomcat.LazySessionIdGenerator",1,56
"org.springframework.boot.web.embedded.tomcat.TomcatEmbeddedContext",1,544
"org.springframework.boot.web.embedded.tomcat.TomcatEmbeddedWebappClassLoader",1,152
"org.springframework.boot.web.embedded.tomcat.TomcatServletWebServerFactory",1,168
"org.springframework.boot.web.embedded.tomcat.TomcatServletWebServerFactory$DisablePersistSessionListener",1,16
"org.springframework.boot.web.embedded.tomcat.TomcatServletWebServerFactory$StaticResourceConfigurer",1,24
"org.springframework.boot.web.embedded.tomcat.TomcatStarter",1,24
"org.springframework.boot.web.embedded.tomcat.TomcatWebServer",1,32
"org.springframework.boot.web.embedded.tomcat.TomcatWebServer$$Lambda.0x00000008004a2aa8",1,24
"org.springframework.boot.web.embedded.tomcat.TomcatWebServer$1",1,120
"org.springframework.boot.web.server.Compression",1,32
"org.springframework.boot.web.server.Cookie",1,48
"org.springframework.boot.web.server.ErrorPage",1,24
"org.springframework.boot.web.server.ErrorPageRegistrarBeanPostProcessor",1,24
"org.springframework.boot.web.server.Http2",1,16
"org.springframework.boot.web.server.MimeMappings$DefaultMimeMappings",1,24
"org.springframework.boot.web.server.MimeMappings$LazyMimeMappingsCopy",1,24
"org.springframework.boot.web.server.Shutdown[ ]",1,24
"org.springframework.boot.web.server.WebServerFactoryCustomizerBeanPostProcessor",1,24
"org.springframework.boot.web.servlet.ServletContextInitializer[ ]",1,32
"org.springframework.boot.web.servlet.ServletRegistrationBean",1,48
"org.springframework.boot.web.servlet.context.AnnotationConfigServletWebServerApplicationContext",1,160
"org.springframework.boot.web.servlet.context.ApplicationServletEnvironment",1,32
"org.springframework.boot.web.servlet.context.ServletWebServerApplicationContext$$Lambda.0x00000008004876b0",1,16
"org.springframework.boot.web.servlet.context.WebApplicationContextServletContextAwareProcessor",1,24
"org.springframework.boot.web.servlet.context.WebServerStartStopLifecycle",1,24
"org.springframework.boot.web.servlet.error.DefaultErrorAttributes",1,16
"org.springframework.boot.web.servlet.filter.OrderedCharacterEncodingFilter",1,48
"org.springframework.boot.web.servlet.filter.OrderedFormContentFilter",1,48
"org.springframework.boot.web.servlet.filter.OrderedRequestContextFilter",1,48
"org.springframework.boot.web.servlet.server.AbstractServletWebServerFactory$$Lambda.0x00000008004a0418",1,16
"org.springframework.boot.web.servlet.server.AbstractServletWebServerFactory$SessionConfiguringInitializer",1,16
"org.springframework.boot.web.servlet.server.DocumentRoot",1,24
"org.springframework.boot.web.servlet.server.Encoding",1,32
"org.springframework.boot.web.servlet.server.Encoding$Type[ ]",1,24
"org.springframework.boot.web.servlet.server.Jsp",1,24
"org.springframework.boot.web.servlet.server.Session",1,40
"org.springframework.boot.web.servlet.server.Session$Cookie",1,48
"org.springframework.boot.web.servlet.server.SessionStoreDirectory",1,16
"org.springframework.boot.web.servlet.server.StaticResourceJars",1,16
"org.springframework.boot.webservices.client.WebServiceMessageSenderFactory$$Lambda.0x00000008005b8d40",1,24
"org.springframework.boot.webservices.client.WebServiceTemplateBuilder",1,56
"org.springframework.boot.webservices.client.WebServiceTemplateBuilder$WebServiceMessageSenders",1,24
"org.springframework.cglib.core.AbstractClassGenerator$ClassLoaderData",1,32
"org.springframework.cglib.core.AbstractClassGenerator$ClassLoaderData$$Lambda.0x0000000800420f58",1,16
"org.springframework.cglib.core.AbstractClassGenerator$ClassLoaderData$$Lambda.0x0000000800421170",1,16
"org.springframework.cglib.core.AbstractClassGenerator$ClassLoaderData$$Lambda.0x0000000800421390",1,16
"org.springframework.cglib.core.ClassNameReader$EarlyExitException",1,40
"org.springframework.cglib.core.DefaultGeneratorStrategy",1,16
"org.springframework.cglib.core.DefaultNamingPolicy",1,16
"org.springframework.cglib.core.EmitUtils$ArrayDelimiters",1,24
"org.springframework.cglib.core.MethodInfoTransformer",1,16
"org.springframework.cglib.core.SpringNamingPolicy",1,16
"org.springframework.cglib.core.internal.LoadingCache",1,24
"org.springframework.cglib.core.internal.LoadingCache$$Lambda.0x00000008004217c8",1,16
"org.springframework.cglib.proxy.CallbackInfo[ ]",1,48
"org.springframework.cglib.proxy.Callback[ ]",1,32
"org.springframework.cglib.proxy.Enhancer$$Lambda.0x000000080041ad20",1,16
"org.springframework.cglib.proxy.FixedValueGenerator",1,16
"org.springframework.cglib.proxy.InvocationHandlerGenerator",1,16
"org.springframework.cglib.proxy.LazyLoaderGenerator",1,16
"org.springframework.cglib.proxy.MethodInterceptorGenerator",1,16
"org.springframework.cglib.proxy.MethodInterceptorGenerator$$Lambda.0x000000080041e120",1,16
"org.springframework.cglib.proxy.NoOp$1",1,16
"org.springframework.cglib.proxy.NoOpGenerator",1,16
"org.springframework.context.annotation.AnnotatedBeanDefinitionReader",1,32
"org.springframework.context.annotation.AnnotationBeanNameGenerator",1,16
"org.springframework.context.annotation.ClassPathBeanDefinitionScanner",1,72
"org.springframework.context.annotation.CommonAnnotationBeanPostProcessor",1,64
"org.springframework.context.annotation.ComponentScanAnnotationParser",1,32
"org.springframework.context.annotation.ConfigurationClassBeanDefinitionReader",1,40
"org.springframework.context.annotation.ConfigurationClassEnhancer$BeanFactoryAwareMethodInterceptor",1,16
"org.springframework.context.annotation.ConfigurationClassEnhancer$BeanMethodInterceptor",1,16
"org.springframework.context.annotation.ConfigurationClassEnhancer$ConditionalCallbackFilter",1,24
"org.springframework.context.annotation.ConfigurationClassParser",1,72
"org.springframework.context.annotation.ConfigurationClassParser$$Lambda.0x000000080033eac0",1,16
"org.springframework.context.annotation.ConfigurationClassParser$$Lambda.0x000000080033eff8",1,16
"org.springframework.context.annotation.ConfigurationClassParser$$Lambda.0x000000080033f458",1,16
"org.springframework.context.annotation.ConfigurationClassParser$$Lambda.0x0000000800388cf8",1,16
"org.springframework.context.annotation.ConfigurationClassParser$$Lambda.0x0000000800388f40",1,16
"org.springframework.context.annotation.ConfigurationClassParser$DeferredImportSelectorHandler",1,24
"org.springframework.context.annotation.ConfigurationClassParser$ImportStack",1,32
"org.springframework.context.annotation.ConfigurationClassParser$SourceClass",1,24
"org.springframework.context.annotation.ConfigurationClassPostProcessor",1,72
"org.springframework.context.annotation.ConfigurationClassPostProcessor$ImportAwareBeanPostProcessor",1,16
"org.springframework.context.annotation.ConfigurationCondition$ConfigurationPhase[ ]",1,24
"org.springframework.context.annotation.ContextAnnotationAutowireCandidateResolver",1,24
"org.springframework.context.annotation.FullyQualifiedAnnotationBeanNameGenerator",1,16
"org.springframework.context.annotation.PropertySourceRegistry",1,24
"org.springframework.context.event.AbstractApplicationEventMulticaster$DefaultListenerRetriever",1,24
"org.springframework.context.event.DefaultEventListenerFactory",1,16
"org.springframework.context.event.EventExpressionEvaluator",1,32
"org.springframework.context.event.EventListenerMethodProcessor",1,40
"org.springframework.context.event.EventListenerMethodProcessor$$Lambda.0x00000008005ba508",1,16
"org.springframework.context.event.SimpleApplicationEventMulticaster",1,40
"org.springframework.context.expression.BeanExpressionContextAccessor",1,16
"org.springframework.context.expression.BeanFactoryAccessor",1,16
"org.springframework.context.expression.EnvironmentAccessor",1,16
"org.springframework.context.expression.MapAccessor",1,16
"org.springframework.context.expression.StandardBeanExpressionResolver",1,40
"org.springframework.context.expression.StandardBeanExpressionResolver$$Lambda.0x000000080032aa68",1,16
"org.springframework.context.expression.StandardBeanExpressionResolver$1",1,16
"org.springframework.context.support.ApplicationContextAwareProcessor",1,24
"org.springframework.context.support.DefaultLifecycleProcessor",1,48
"org.springframework.context.support.DefaultLifecycleProcessor$$Lambda.0x00000008005bbce8",1,16
"org.springframework.context.support.DelegatingMessageSource",1,32
"org.springframework.context.support.PostProcessorRegistrationDelegate$BeanPostProcessorChecker",1,24
"org.springframework.context.support.PropertySourcesPlaceholderConfigurer",1,80
"org.springframework.context.support.PropertySourcesPlaceholderConfigurer$$Lambda.0x0000000800431dd0",1,24
"org.springframework.context.support.PropertySourcesPlaceholderConfigurer$1",1,32
"org.springframework.core.NativeDetector$Context[ ]",1,24
"org.springframework.core.OrderComparator",1,16
"org.springframework.core.OrderComparator$$Lambda.0x00000008004593a0",1,24
"org.springframework.core.ReactiveAdapterRegistry",1,16
"org.springframework.core.ReactiveAdapterRegistry$ReactorRegistrar$$Lambda.0x0000000800575d60",1,16
"org.springframework.core.ReactiveAdapterRegistry$ReactorRegistrar$$Lambda.0x0000000800587168",1,16
"org.springframework.core.ReactiveAdapterRegistry$ReactorRegistrar$$Lambda.0x00000008005873a0",1,16
"org.springframework.core.ReactiveAdapterRegistry$ReactorRegistrar$$Lambda.0x00000008005875d8",1,16
"org.springframework.core.ReactiveAdapterRegistry$ReactorRegistrar$$Lambda.0x00000008005877f0",1,16
"org.springframework.core.ReactiveAdapterRegistry$ReactorRegistrar$$Lambda.0x0000000800587a28",1,16
"org.springframework.core.ReactiveAdapterRegistry$ReactorRegistrar$$Lambda.0x0000000800587c60",1,16
"org.springframework.core.ReactiveAdapterRegistry$ReactorRegistrar$$Lambda.0x0000000800588000",1,16
"org.springframework.core.ReactiveAdapterRegistry$ReactorRegistrar$$Lambda.0x0000000800588238",1,16
"org.springframework.core.ReactiveAdapterRegistry$ReactorRegistrar$$Lambda.0x0000000800588ba0",1,16
"org.springframework.core.ReactiveAdapterRegistry$ReactorRegistrar$$Lambda.0x0000000800588db8",1,16
"org.springframework.core.ReactiveAdapterRegistry$ReactorRegistrar$$Lambda.0x0000000800588ff0",1,16
"org.springframework.core.ReactiveAdapterRegistry$ReactorRegistrar$$Lambda.0x0000000800589228",1,16
"org.springframework.core.ReactiveAdapterRegistry$ReactorRegistrar$$Lambda.0x0000000800589440",1,16
"org.springframework.core.ReactiveAdapterRegistry$ReactorRegistrar$$Lambda.0x0000000800589678",1,16
"org.springframework.core.ResolvableType$EmptyType",1,16
"org.springframework.core.ResolvableType$WildcardBounds$Kind[ ]",1,24
"org.springframework.core.annotation.AbstractMergedAnnotation$$Lambda.0x00000008002f2880",1,16
"org.springframework.core.annotation.AnnotatedElementUtils$$Lambda.0x00000008005214d8",1,16
"org.springframework.core.annotation.AnnotatedElementUtils$$Lambda.0x000000080068a890",1,16
"org.springframework.core.annotation.AnnotationAwareOrderComparator",1,16
"org.springframework.core.annotation.AnnotationFilter$1",1,16
"org.springframework.core.annotation.AnnotationFilter$2",1,16
"org.springframework.core.annotation.AnnotationTypeMapping$$Lambda.0x000000080021ba78",1,16
"org.springframework.core.annotation.AnnotationTypeMapping$$Lambda.0x00000008002e93a8",1,16
"org.springframework.core.annotation.AnnotationTypeMapping$$Lambda.0x00000008002ec778",1,16
"org.springframework.core.annotation.AnnotationTypeMapping$$Lambda.0x00000008005e35d0",1,16
"org.springframework.core.annotation.AnnotationTypeMapping$$Lambda.0x0000000800677938",1,16
"org.springframework.core.annotation.AnnotationTypeMappings$$Lambda.0x0000000800219808",1,16
"org.springframework.core.annotation.AnnotationTypeMappings$$Lambda.0x0000000800686410",1,16
"org.springframework.core.annotation.AnnotationUtils$$Lambda.0x00000008004428f8",1,16
"org.springframework.core.annotation.AnnotationUtils$$Lambda.0x000000080050d468",1,16
"org.springframework.core.annotation.AnnotationUtils$$Lambda.0x0000000800518a78",1,16
"org.springframework.core.annotation.AnnotationUtils$$Lambda.0x00000008005b5bf8",1,16
"org.springframework.core.annotation.AnnotationUtils$$Lambda.0x00000008006d0d78",1,16
"org.springframework.core.annotation.AttributeMethods$$Lambda.0x000000080021a000",1,16
"org.springframework.core.annotation.AttributeMethods$$Lambda.0x000000080021fbb8",1,16
"org.springframework.core.annotation.AttributeMethods$$Lambda.0x000000080068d030",1,16
"org.springframework.core.annotation.IntrospectionFailureLogger$1",1,24
"org.springframework.core.annotation.IntrospectionFailureLogger$2",1,24
"org.springframework.core.annotation.IntrospectionFailureLogger[ ]",1,24
"org.springframework.core.annotation.MergedAnnotationCollectors$$Lambda.0x00000008003c7d88",1,16
"org.springframework.core.annotation.MergedAnnotationCollectors$$Lambda.0x00000008003c8230",1,16
"org.springframework.core.annotation.MergedAnnotationSelectors$FirstDirectlyDeclared",1,16
"org.springframework.core.annotation.MergedAnnotationSelectors$Nearest",1,16
"org.springframework.core.annotation.MergedAnnotations$Search$$Lambda.0x0000000800207988",1,16
"org.springframework.core.annotation.MergedAnnotations$Search$$Lambda.0x0000000800207bd0",1,16
"org.springframework.core.annotation.MergedAnnotations$SearchStrategy[ ]",1,32
"org.springframework.core.annotation.MissingMergedAnnotation",1,16
"org.springframework.core.annotation.RepeatableContainers$NoRepeatableContainers",1,16
"org.springframework.core.annotation.RepeatableContainers$StandardRepeatableContainers",1,16
"org.springframework.core.annotation.RepeatableContainers$StandardRepeatableContainers$$Lambda.0x000000080021a238",1,16
"org.springframework.core.annotation.RepeatableContainers$StandardRepeatableContainers$$Lambda.0x00000008006597f0",1,16
"org.springframework.core.annotation.SynthesizedMergedAnnotationInvocationHandler",1,40
"org.springframework.core.annotation.TypeMappedAnnotation$$Lambda.0x0000000800218bf8",1,16
"org.springframework.core.annotation.TypeMappedAnnotation$$Lambda.0x00000008003105e0",1,16
"org.springframework.core.annotation.TypeMappedAnnotation$$Lambda.0x000000080039f8f8",1,16
"org.springframework.core.annotation.TypeMappedAnnotation$$Lambda.0x00000008003c8470",1,16
"org.springframework.core.annotation.TypeMappedAnnotation$$Lambda.0x0000000800518860",1,16
"org.springframework.core.annotation.TypeMappedAnnotation$$Lambda.0x00000008006caec0",1,16
"org.springframework.core.annotation.TypeMappedAnnotations$IsPresent[ ]",1,32
"org.springframework.core.convert.support.DefaultConversionService",1,24
"org.springframework.core.convert.support.GenericConversionService$Converters$$Lambda.0x000000080022ca08",1,16
"org.springframework.core.env.CommandLineArgs",1,24
"org.springframework.core.env.MapPropertySource",1,24
"org.springframework.core.env.PropertiesPropertySource$$Lambda.0x0000000800245ab0",1,16
"org.springframework.core.env.PropertiesPropertySource$$Lambda.0x0000000800245cf8",1,16
"org.springframework.core.env.PropertySource$StubPropertySource",1,24
"org.springframework.core.env.PropertySourcesPropertyResolver",1,56
"org.springframework.core.io.DefaultResourceLoader",1,24
"org.springframework.core.io.DefaultResourceLoader$$Lambda.0x00000008002d38d8",1,16
"org.springframework.core.io.DescriptiveResource",1,16
"org.springframework.core.io.ResourceEditor",1,40
"org.springframework.core.io.support.DefaultPropertySourceFactory",1,16
"org.springframework.core.io.support.PathMatchingResourcePatternResolver$$Lambda.0x00000008002a6400",1,16
"org.springframework.core.io.support.PropertySourceProcessor",1,24
"org.springframework.core.io.support.ResourceArrayPropertyEditor",1,40
"org.springframework.core.io.support.SpringFactoriesLoader",1,24
"org.springframework.core.io.support.SpringFactoriesLoader$FailureHandler$$Lambda.0x00000008001b6648",1,16
"org.springframework.core.io.support.SpringFactoriesLoader$FailureHandler$$Lambda.0x00000008001b6870",1,16
"org.springframework.core.io.support.SpringFactoriesLoader$FailureHandler$$Lambda.0x00000008001b6aa0",1,16
"org.springframework.core.metrics.DefaultApplicationStartup",1,16
"org.springframework.core.metrics.DefaultApplicationStartup$DefaultStartupStep",1,16
"org.springframework.core.metrics.DefaultApplicationStartup$DefaultStartupStep$DefaultTags",1,16
"org.springframework.core.task.SimpleAsyncTaskExecutor",1,64
"org.springframework.core.task.SimpleAsyncTaskExecutor$ConcurrencyThrottleAdapter",1,32
"org.springframework.core.type.AnnotatedTypeMetadata$$Lambda.0x00000008003869e0",1,16
"org.springframework.core.type.AnnotatedTypeMetadata$$Lambda.0x0000000800387bb8",1,16
"org.springframework.core.type.AnnotatedTypeMetadata$$Lambda.0x00000008003888c0",1,16
"org.springframework.core.type.AnnotatedTypeMetadata$$Lambda.0x00000008003c7280",1,16
"org.springframework.core.type.AnnotatedTypeMetadata$$Lambda.0x00000008003c7718",1,16
"org.springframework.core.type.AnnotatedTypeMetadata$$Lambda.0x00000008003c7950",1,16
"org.springframework.core.type.AnnotationMetadata$$Lambda.0x000000080039d358",1,16
"org.springframework.core.type.AnnotationMetadata$$Lambda.0x00000008003a6a38",1,16
"org.springframework.core.type.AnnotationMetadata$$Lambda.0x00000008003a6c80",1,16
"org.springframework.core.type.AnnotationMetadata$$Lambda.0x00000008003a6eb8",1,16
"org.springframework.core.type.classreading.CachingMetadataReaderFactory",1,24
"org.springframework.core.type.classreading.CachingMetadataReaderFactory$LocalResourceCache",1,64
"org.springframework.core.type.classreading.SimpleMetadataReaderFactory",1,16
"org.springframework.expression.spel.SpelCompilerMode[ ]",1,32
"org.springframework.expression.spel.support.ReflectivePropertyAccessor",1,32
"org.springframework.expression.spel.support.StandardOperatorOverloader",1,16
"org.springframework.expression.spel.support.StandardTypeComparator",1,16
"org.springframework.expression.spel.support.StandardTypeConverter",1,16
"org.springframework.expression.spel.support.StandardTypeLocator",1,24
"org.springframework.format.annotation.DurationFormat$Style[ ]",1,32
"org.springframework.http.HttpEntity",1,24
"org.springframework.http.HttpMethod[ ]",1,48
"org.springframework.http.MediaType$$Lambda.0x0000000800299a50",1,16
"org.springframework.http.MediaType$1",1,16
"org.springframework.http.client.ReactorResourceFactory",1,56
"org.springframework.http.client.ReactorResourceFactory$$Lambda.0x00000008005b4108",1,16
"org.springframework.http.client.ReactorResourceFactory$$Lambda.0x00000008005b4320",1,16
"org.springframework.http.converter.json.SpringHandlerInstantiator",1,16
"org.springframework.http.converter.xml.Jaxb2RootElementHttpMessageConverter$$Lambda.0x00000008002a4190",1,16
"org.springframework.http.server.DefaultPathContainer$$Lambda.0x00000008006d68f8",1,16
"org.springframework.http.server.observation.DefaultServerRequestObservationConvention",1,16
"org.springframework.http.server.observation.DefaultServerRequestObservationConvention$$Lambda.0x000000080066b438",1,16
"org.springframework.http.server.observation.ServerHttpObservationDocumentation$HighCardinalityKeyNames$1",1,24
"org.springframework.http.server.observation.ServerHttpObservationDocumentation$HighCardinalityKeyNames[ ]",1,24
"org.springframework.http.server.observation.ServerHttpObservationDocumentation$LowCardinalityKeyNames$1",1,24
"org.springframework.http.server.observation.ServerHttpObservationDocumentation$LowCardinalityKeyNames$2",1,24
"org.springframework.http.server.observation.ServerHttpObservationDocumentation$LowCardinalityKeyNames$3",1,24
"org.springframework.http.server.observation.ServerHttpObservationDocumentation$LowCardinalityKeyNames$4",1,24
"org.springframework.http.server.observation.ServerHttpObservationDocumentation$LowCardinalityKeyNames$5",1,24
"org.springframework.http.server.observation.ServerHttpObservationDocumentation$LowCardinalityKeyNames[ ]",1,40
"org.springframework.jndi.JndiTemplate",1,24
"org.springframework.jndi.support.SimpleJndiBeanFactory",1,40
"org.springframework.objenesis.SpringObjenesis",1,24
"org.springframework.objenesis.strategy.StdInstantiatorStrategy",1,16
"org.springframework.scheduling.concurrent.ExecutorLifecycleDelegate",1,40
"org.springframework.scheduling.concurrent.ThreadPoolTaskExecutor",1,112
"org.springframework.scheduling.concurrent.ThreadPoolTaskExecutor$1",1,80
"org.springframework.ui.context.support.ResourceBundleThemeSource",1,40
"org.springframework.util.AntPathMatcher$AntPathStringMatcher",1,32
"org.springframework.util.ConcurrentLruCache$CacheEntryState[ ]",1,32
"org.springframework.util.ConcurrentLruCache$DrainStatus$1",1,24
"org.springframework.util.ConcurrentLruCache$DrainStatus$2",1,24
"org.springframework.util.ConcurrentLruCache$DrainStatus$3",1,24
"org.springframework.util.ConcurrentLruCache$DrainStatus[ ]",1,32
"org.springframework.util.ConcurrentReferenceHashMap$EntrySet",1,16
"org.springframework.util.ConcurrentReferenceHashMap$ReferenceType[ ]",1,24
"org.springframework.util.ConcurrentReferenceHashMap$Restructure[ ]",1,24
"org.springframework.util.DefaultPropertiesPersister",1,16
"org.springframework.util.MimeType$SpecificityComparator",1,16
"org.springframework.util.MimeTypeUtils$$Lambda.0x000000080052aff8",1,16
"org.springframework.util.MimeTypeUtils$$Lambda.0x000000080065c9c0",1,16
"org.springframework.util.MimeType[ ]",1,16
"org.springframework.util.MultiValueMapAdapter$$Lambda.0x0000000800209b70",1,16
"org.springframework.util.MultiValueMapAdapter$$Lambda.0x00000008006ce000",1,16
"org.springframework.util.ReflectionUtils$$Lambda.0x00000008002033e0",1,16
"org.springframework.util.ReflectionUtils$$Lambda.0x0000000800203800",1,16
"org.springframework.util.UnmodifiableMultiValueMap",1,32
"org.springframework.validation.DefaultMessageCodesResolver$Format$1",1,24
"org.springframework.validation.DefaultMessageCodesResolver$Format$2",1,24
"org.springframework.validation.DefaultMessageCodesResolver$Format[ ]",1,24
"org.springframework.web.accept.ContentNegotiationManagerFactoryBean",1,48
"org.springframework.web.accept.MappingMediaTypeFileExtensionResolver",1,24
"org.springframework.web.bind.support.ConfigurableWebBindingInitializer",1,40
"org.springframework.web.bind.support.DefaultSessionAttributeStore",1,16
"org.springframework.web.context.request.SessionScope",1,16
"org.springframework.web.context.request.async.CallableProcessingInterceptor[ ]",1,16
"org.springframework.web.context.request.async.DeferredResultProcessingInterceptor[ ]",1,16
"org.springframework.web.context.request.async.StandardServletAsyncWebRequest$State[ ]",1,32
"org.springframework.web.context.request.async.TimeoutCallableProcessingInterceptor",1,16
"org.springframework.web.context.request.async.TimeoutDeferredResultProcessingInterceptor",1,16
"org.springframework.web.context.request.async.WebAsyncManager$State[ ]",1,32
"org.springframework.web.context.support.ServletContextPropertySource",1,24
"org.springframework.web.context.support.ServletContextResourcePatternResolver",1,32
"org.springframework.web.context.support.ServletContextScope",1,24
"org.springframework.web.context.support.WebApplicationContextUtils$RequestObjectFactory",1,16
"org.springframework.web.context.support.WebApplicationContextUtils$ResponseObjectFactory",1,16
"org.springframework.web.context.support.WebApplicationContextUtils$SessionObjectFactory",1,16
"org.springframework.web.context.support.WebApplicationContextUtils$WebRequestObjectFactory",1,16
"org.springframework.web.cors.CorsConfiguration",1,48
"org.springframework.web.method.ControllerAdviceBean",1,40
"org.springframework.web.method.HandlerTypePredicate",1,24
"org.springframework.web.method.annotation.AbstractNamedValueMethodArgumentResolver$NamedValueInfo",1,24
"org.springframework.web.method.annotation.ErrorsMethodArgumentResolver",1,16
"org.springframework.web.method.annotation.ExceptionHandlerMethodResolver",1,24
"org.springframework.web.method.annotation.ExceptionHandlerMethodResolver$$Lambda.0x00000008005a4898",1,16
"org.springframework.web.method.annotation.ExceptionHandlerMethodResolver$$Lambda.0x00000008005a4ee8",1,16
"org.springframework.web.method.annotation.RequestHeaderMapMethodArgumentResolver",1,16
"org.springframework.web.method.annotation.RequestHeaderMethodArgumentResolver",1,24
"org.springframework.web.method.annotation.SessionStatusMethodArgumentResolver",1,16
"org.springframework.web.method.support.CompositeUriComponentsContributor",1,24
"org.springframework.web.multipart.support.StandardServletMultipartResolver",1,16
"org.springframework.web.servlet.DispatcherServlet",1,128
"org.springframework.web.servlet.config.annotation.AsyncSupportConfigurer",1,32
"org.springframework.web.servlet.config.annotation.InterceptorRegistry$$Lambda.0x00000008005237d0",1,16
"org.springframework.web.servlet.config.annotation.PathMatchConfigurer",1,56
"org.springframework.web.servlet.config.annotation.WebMvcConfigurationSupport$NoOpValidator",1,16
"org.springframework.web.servlet.config.annotation.WebMvcConfigurerComposite",1,16
"org.springframework.web.servlet.function.support.HandlerFunctionAdapter",1,24
"org.springframework.web.servlet.function.support.RouterFunctionMapping",1,88
"org.springframework.web.servlet.handler.AbstractHandlerMethodMapping$$Lambda.0x000000080065c4e0",1,16
"org.springframework.web.servlet.handler.AbstractHandlerMethodMapping$$Lambda.0x0000000800665a88",1,16
"org.springframework.web.servlet.handler.AbstractHandlerMethodMapping$EmptyHandler",1,16
"org.springframework.web.servlet.handler.AbstractHandlerMethodMapping$MappingRegistry",1,40
"org.springframework.web.servlet.handler.BeanNameUrlHandlerMapping",1,88
"org.springframework.web.servlet.handler.ConversionServiceExposingInterceptor",1,16
"org.springframework.web.servlet.handler.HandlerExceptionResolverComposite",1,24
"org.springframework.web.servlet.handler.SimpleUrlHandlerMapping",1,96
"org.springframework.web.servlet.i18n.AcceptHeaderLocaleResolver",1,24
"org.springframework.web.servlet.mvc.HttpRequestHandlerAdapter",1,16
"org.springframework.web.servlet.mvc.SimpleControllerHandlerAdapter",1,16
"org.springframework.web.servlet.mvc.annotation.ResponseStatusExceptionResolver",1,48
"org.springframework.web.servlet.mvc.condition.ParamsRequestCondition",1,16
"org.springframework.web.servlet.mvc.condition.PatternsRequestCondition",1,32
"org.springframework.web.servlet.mvc.condition.RequestConditionHolder",1,16
"org.springframework.web.servlet.mvc.method.RequestMappingInfo$BuilderConfiguration",1,32
"org.springframework.web.servlet.mvc.method.RequestMappingInfoHandlerMethodMappingNamingStrategy",1,16
"org.springframework.web.servlet.mvc.method.annotation.AbstractMessageConverterMethodArgumentResolver$ConverterType[ ]",1,32
"org.springframework.web.servlet.mvc.method.annotation.AsyncTaskMethodReturnValueHandler",1,16
"org.springframework.web.servlet.mvc.method.annotation.CallableMethodReturnValueHandler",1,16
"org.springframework.web.servlet.mvc.method.annotation.DeferredResultMethodReturnValueHandler",1,16
"org.springframework.web.servlet.mvc.method.annotation.ExceptionHandlerExceptionResolver",1,88
"org.springframework.web.servlet.mvc.method.annotation.HttpHeadersReturnValueHandler",1,16
"org.springframework.web.servlet.mvc.method.annotation.JsonViewRequestBodyAdvice",1,16
"org.springframework.web.servlet.mvc.method.annotation.PathVariableMethodArgumentResolver$PathVariableNamedValueInfo",1,24
"org.springframework.web.servlet.mvc.method.annotation.ReactiveTypeHandler",1,32
"org.springframework.web.servlet.mvc.method.annotation.RequestMappingHandlerAdapter",1,160
"org.springframework.web.servlet.mvc.method.annotation.RequestMappingHandlerAdapter$$Lambda.0x000000080054b0b8",1,16
"org.springframework.web.servlet.mvc.method.annotation.RequestMappingHandlerAdapter$$Lambda.0x000000080054b2e0",1,16
"org.springframework.web.servlet.mvc.method.annotation.RequestMappingHandlerMapping",1,104
"org.springframework.web.servlet.mvc.method.annotation.RequestPartMethodArgumentResolver",1,24
"org.springframework.web.servlet.mvc.method.annotation.ResponseBodyEmitterReturnValueHandler",1,32
"org.springframework.web.servlet.mvc.method.annotation.ServletCookieValueMethodArgumentResolver",1,32
"org.springframework.web.servlet.mvc.method.annotation.StreamingResponseBodyReturnValueHandler",1,16
"org.springframework.web.servlet.mvc.method.annotation.UriComponentsBuilderMethodArgumentResolver",1,16
"org.springframework.web.servlet.mvc.support.DefaultHandlerExceptionResolver",1,40
"org.springframework.web.servlet.resource.ResourceUrlProvider",1,40
"org.springframework.web.servlet.resource.ResourceUrlProviderExposingInterceptor",1,16
"org.springframework.web.servlet.support.SessionFlashMapManager",1,24
"org.springframework.web.servlet.theme.FixedThemeResolver",1,16
"org.springframework.web.servlet.view.AbstractCachingViewResolver$$Lambda.0x000000080059d1b0",1,16
"org.springframework.web.servlet.view.AbstractCachingViewResolver$1",1,16
"org.springframework.web.servlet.view.AbstractCachingViewResolver$2",1,64
"org.springframework.web.servlet.view.BeanNameViewResolver",1,32
"org.springframework.web.servlet.view.ContentNegotiatingViewResolver",1,56
"org.springframework.web.servlet.view.ContentNegotiatingViewResolver$1",1,16
"org.springframework.web.servlet.view.DefaultRequestToViewNameTranslator",1,32
"org.springframework.web.servlet.view.InternalResourceViewResolver",1,104
"org.springframework.web.servlet.view.ViewResolverComposite",1,24
"org.springframework.web.util.ServletRequestPathUtils$$Lambda.0x0000000800663058",1,16
"org.springframework.web.util.UrlPathHelper$1",1,24
"org.springframework.web.util.pattern.PathPattern$$Lambda.0x000000080052f0a0",1,16
"org.springframework.web.util.pattern.PathPattern$$Lambda.0x000000080052f2b8",1,16
"org.springframework.web.util.pattern.PathPattern$$Lambda.0x000000080052f4d0",1,16
"org.springframework.web.util.pattern.PathPattern$$Lambda.0x000000080052f6e8",1,16
"org.springframework.web.util.pattern.PathPatternParser$1",1,24
"org.springframework.ws.config.annotation.DelegatingWsConfiguration$$SpringCGLIB$$0",1,40
"org.springframework.ws.config.annotation.WsConfigurerComposite",1,16
"org.springframework.ws.server.SmartEndpointInterceptor[ ]",1,16
"org.springframework.ws.server.endpoint.adapter.DefaultMethodEndpointAdapter",1,40
"org.springframework.ws.server.endpoint.adapter.method.MessageContextMethodArgumentResolver",1,16
"org.springframework.ws.server.endpoint.adapter.method.StaxPayloadMethodArgumentResolver",1,24
"org.springframework.ws.server.endpoint.adapter.method.XPathParamMethodArgumentResolver",1,24
"org.springframework.ws.server.endpoint.mapping.PayloadRootAnnotationMethodEndpointMapping",1,48
"org.springframework.ws.soap.addressing.messageid.UuidMessageIdStrategy",1,16
"org.springframework.ws.soap.addressing.server.AnnotationActionEndpointMapping",1,72
"org.springframework.ws.soap.addressing.version.Addressing10",1,56
"org.springframework.ws.soap.addressing.version.Addressing200408",1,56
"org.springframework.ws.soap.addressing.version.AddressingVersion[ ]",1,24
"org.springframework.ws.soap.server.endpoint.SimpleSoapExceptionResolver",1,32
"org.springframework.ws.soap.server.endpoint.SoapFaultAnnotationExceptionResolver",1,32
"org.springframework.ws.soap.server.endpoint.adapter.method.SoapHeaderElementMethodArgumentResolver",1,16
"org.springframework.ws.soap.server.endpoint.adapter.method.SoapMethodArgumentResolver",1,16
"org.springframework.ws.soap.server.endpoint.mapping.SoapActionAnnotationMethodEndpointMapping",1,56
"org.springframework.ws.support.DefaultStrategiesHelper",1,16
"org.springframework.ws.transport.WebServiceMessageSender[ ]",1,16
"org.springframework.ws.transport.http.MessageDispatcherServlet",1,136
"reactor.adapter.JdkFlowAdapter$PublisherAsFlowPublisher",1,16
"reactor.core.publisher.Flux$$Lambda.0x0000000800572760",1,16
"reactor.core.publisher.Flux$$Lambda.0x0000000800572988",1,16
"reactor.core.publisher.Flux$$Lambda.0x0000000800572ba0",1,16
"reactor.core.publisher.Flux$$Lambda.0x0000000800572db8",1,16
"reactor.core.publisher.Flux$$Lambda.0x0000000800572fd0",1,16
"reactor.core.publisher.FluxEmpty",1,16
"reactor.core.publisher.Mono$$Lambda.0x00000008005de4a0",1,16
"reactor.core.publisher.MonoEmpty",1,16
"reactor.netty.http.HttpResources",1,32
"reactor.netty.http.HttpResources$$Lambda.0x00000008005bd420",1,16
"reactor.netty.resources.ConnectionProvider$Builder",1,80
"reactor.netty.resources.DefaultLoopResources",1,64
"reactor.netty.resources.DefaultPooledConnectionProvider",1,56
"reactor.netty.resources.PooledConnectionProvider$PoolFactory",1,80
"reactor.netty.tcp.TcpResources$$Lambda.0x00000008005bd1f8",1,16
"reactor.netty.transport.NameResolverProvider",1,80
"reactor.util.Loggers$Slf4JLoggerFactory",1,16
"sun.instrument.InstrumentationImpl",1,32
"sun.instrument.InstrumentationImpl$$Lambda.0x0000000800140200",1,16
"sun.instrument.TransformerManager",1,24
"sun.instrument.TransformerManager$TransformerInfo[ ]",1,16
"sun.management.ClassLoadingImpl",1,16
"sun.management.CompilationImpl",1,24
"sun.management.ManagementFactoryHelper$$Lambda.0x00000008005f4210",1,16
"sun.management.ManagementFactoryHelper$LoggingMXBeanAccess",1,24
"sun.management.ManagementFactoryHelper$PlatformLoggingImpl",1,24
"sun.management.MemoryImpl",1,24
"sun.management.RuntimeImpl",1,24
"sun.management.VMManagementImpl",1,24
"sun.management.counter.Units[ ]",1,48
"sun.management.jmxremote.ConnectorBootstrap$PermanentExporter",1,16
"sun.management.jmxremote.LocalRMIServerSocketFactory",1,16
"sun.management.jmxremote.LocalRMIServerSocketFactory$1",1,32
"sun.misc.Unsafe",1,16
"sun.net.sdp.SdpProvider",1,24
"sun.nio.ch.DefaultSelectorProvider$$Lambda.0x00000008004d2670",1,16
"sun.nio.ch.ExtendedSocketOption$1",1,16
"sun.nio.ch.FileChannelImpl$2",1,16
"sun.nio.ch.FileChannelImpl$3",1,16
"sun.nio.ch.FileDispatcherImpl",1,16
"sun.nio.ch.KQueueSelectorImpl",1,88
"sun.nio.ch.KQueueSelectorProvider",1,16
"sun.nio.ch.Net$1",1,16
"sun.nio.ch.ServerSocketAdaptor",1,40
"sun.nio.ch.ServerSocketChannelImpl",1,88
"sun.nio.ch.Util$1",1,16
"sun.nio.ch.Util$2",1,16
"sun.nio.cs.ISO_8859_1",1,24
"sun.nio.cs.StandardCharsets",1,24
"sun.nio.cs.StandardCharsets$Aliases",1,40
"sun.nio.cs.StandardCharsets$Cache",1,40
"sun.nio.cs.ThreadLocalCoders$1",1,24
"sun.nio.cs.ThreadLocalCoders$2",1,24
"sun.nio.cs.US_ASCII",1,24
"sun.nio.cs.UTF_16",1,24
"sun.nio.cs.UTF_16BE",1,24
"sun.nio.cs.UTF_16LE",1,24
"sun.nio.cs.UTF_8",1,24
"sun.nio.fs.MacOSXFileSystem",1,32
"sun.nio.fs.MacOSXFileSystemProvider",1,16
"sun.nio.fs.NativeBuffers$1",1,16
"sun.reflect.annotation.AnnotationType$1",1,16
"sun.reflect.generics.tree.BooleanSignature",1,16
"sun.reflect.generics.tree.BottomSignature",1,16
"sun.reflect.generics.tree.ByteSignature",1,16
"sun.reflect.generics.tree.CharSignature",1,16
"sun.reflect.generics.tree.LongSignature",1,16
"sun.reflect.generics.tree.VoidDescriptor",1,16
"sun.reflect.misc.MethodUtil",1,88
"sun.rmi.runtime.Log$$Lambda.0x00000008005fd220",1,16
"sun.rmi.runtime.Log$InternalStreamHandler",1,56
"sun.rmi.runtime.Log$LoggerLogFactory",1,16
"sun.rmi.runtime.RuntimeUtil",1,16
"sun.rmi.runtime.RuntimeUtil$$Lambda.0x00000008005ec098",1,16
"sun.rmi.runtime.RuntimeUtil$1",1,16
"sun.rmi.server.LoaderHandler$$Lambda.0x000000080060cac8",1,16
"sun.rmi.server.LoaderHandler$$Lambda.0x000000080060cce0",1,16
"sun.rmi.server.MarshalInputStream$$Lambda.0x0000000800609798",1,16
"sun.rmi.server.UnicastRef",1,16
"sun.rmi.server.UnicastRef$$Lambda.0x00000008005fe168",1,16
"sun.rmi.server.UnicastServerRef",1,32
"sun.rmi.server.UnicastServerRef$$Lambda.0x00000008005fe380",1,16
"sun.rmi.server.UnicastServerRef$$Lambda.0x00000008005fe598",1,16
"sun.rmi.server.UnicastServerRef$$Lambda.0x00000008005fe7b0",1,16
"sun.rmi.server.UnicastServerRef$HashToMethod_Maps",1,16
"sun.rmi.server.Util$$Lambda.0x00000008005fca20",1,16
"sun.rmi.server.Util$$Lambda.0x00000008005fdf50",1,16
"sun.rmi.transport.DGCAckHandler$$Lambda.0x0000000800615340",1,16
"sun.rmi.transport.DGCImpl",1,24
"sun.rmi.transport.DGCImpl$$Lambda.0x00000008005eb620",1,16
"sun.rmi.transport.DGCImpl$$Lambda.0x00000008005eb838",1,16
"sun.rmi.transport.DGCImpl$$Lambda.0x00000008005eba50",1,16
"sun.rmi.transport.DGCImpl$$Lambda.0x00000008005ec4d8",1,16
"sun.rmi.transport.DGCImpl$1",1,16
"sun.rmi.transport.DGCImpl$2$$Lambda.0x00000008005ecb10",1,16
"sun.rmi.transport.DGCImpl_Skel",1,16
"sun.rmi.transport.DGCImpl_Stub",1,16
"sun.rmi.transport.ObjectTable$$Lambda.0x00000008005eafe8",1,16
"sun.rmi.transport.Transport$$Lambda.0x00000008005e86a0",1,16
"sun.rmi.transport.tcp.TCPChannel$$Lambda.0x0000000800605e78",1,16
"sun.rmi.transport.tcp.TCPChannel$$Lambda.0x0000000800606090",1,16
"sun.rmi.transport.tcp.TCPChannel$$Lambda.0x00000008006062a8",1,16
"sun.rmi.transport.tcp.TCPDirectSocketFactory",1,16
"sun.rmi.transport.tcp.TCPEndpoint$$Lambda.0x00000008005ffb08",1,16
"sun.rmi.transport.tcp.TCPTransport$$Lambda.0x00000008005e88b8",1,16
"sun.rmi.transport.tcp.TCPTransport$$Lambda.0x00000008005e8ad0",1,16
"sun.rmi.transport.tcp.TCPTransport$$Lambda.0x00000008005e8ce8",1,16
"sun.rmi.transport.tcp.TCPTransport$$Lambda.0x00000008005e9798",1,16
"sun.rmi.transport.tcp.TCPTransport$1",1,16
"sun.rmi.transport.tcp.TCPTransport$AcceptLoop",1,32
"sun.security.ec.SunEC",1,104
"sun.security.jca.ProviderConfig$ProviderLoader",1,16
"sun.security.jca.ProviderList$1",1,104
"sun.security.jgss.SunProvider",1,104
"sun.security.pkcs11.SunPKCS11",1,144
"sun.security.pkcs11.SunPKCS11$$Lambda.0x00000008003ad8d8",1,16
"sun.security.provider.NativePRNG$Variant[ ]",1,32
"sun.security.provider.PolicyFile",1,32
"sun.security.provider.PolicyFile$PolicyInfo",1,32
"sun.security.provider.SHA",1,56
"sun.security.provider.SecureRandom",1,32
"sun.security.provider.Sun",1,104
"sun.security.provider.certpath.ldap.JdkLDAP",1,104
"sun.security.provider.certpath.ldap.JdkLDAP$ProviderService",1,64
"sun.security.rsa.SunRsaSign",1,104
"sun.security.smartcardio.SunPCSC",1,104
"sun.security.smartcardio.SunPCSC$ProviderService",1,64
"sun.security.ssl.SunJSSE",1,104
"sun.security.util.ByteArrayLexOrder",1,16
"sun.security.util.ByteArrayTagOrder",1,16
"sun.security.util.KnownOIDs$1",1,40
"sun.security.util.KnownOIDs$10",1,40
"sun.security.util.KnownOIDs$2",1,40
"sun.security.util.KnownOIDs$3",1,40
"sun.security.util.KnownOIDs$4",1,40
"sun.security.util.KnownOIDs$5",1,40
"sun.security.util.KnownOIDs$6",1,40
"sun.security.util.KnownOIDs$7",1,40
"sun.security.util.KnownOIDs$8",1,40
"sun.security.util.KnownOIDs$9",1,40
"sun.security.util.KnownOIDs[ ]",1,1112
"sun.text.resources.cldr.FormatData",1,40
"sun.text.resources.cldr.FormatData_en",1,40
"sun.text.resources.cldr.ext.FormatData_en_CA",1,40
"sun.util.calendar.Gregorian",1,16
"sun.util.cldr.CLDRBaseLocaleDataMetaInfo",1,16
"sun.util.cldr.CLDRCalendarDataProviderImpl",1,24
"sun.util.cldr.CLDRLocaleProviderAdapter",1,80
"sun.util.cldr.CLDRLocaleProviderAdapter$$Lambda.0x0000000800165450",1,16
"sun.util.cldr.CLDRLocaleProviderAdapter$$Lambda.0x00000008001731d8",1,16
"sun.util.cldr.CLDRTimeZoneNameProviderImpl",1,24
"sun.util.locale.BaseLocale$Cache",1,24
"sun.util.locale.BaseLocale[ ]",1,96
"sun.util.locale.InternalLocaleBuilder",1,40
"sun.util.locale.InternalLocaleBuilder$CaseInsensitiveChar",1,16
"sun.util.locale.provider.CalendarDataUtility$CalendarWeekParameterGetter",1,16
"sun.util.locale.provider.CalendarProviderImpl",1,24
"sun.util.locale.provider.DateFormatSymbolsProviderImpl",1,24
"sun.util.locale.provider.DecimalFormatSymbolsProviderImpl",1,24
"sun.util.locale.provider.JRELocaleProviderAdapter",1,80
"sun.util.locale.provider.LocaleProviderAdapter$$Lambda.0x000000080016e370",1,16
"sun.util.locale.provider.LocaleProviderAdapter$$Lambda.0x000000080016e990",1,16
"sun.util.locale.provider.LocaleProviderAdapter$Type[ ]",1,40
"sun.util.locale.provider.NumberFormatProviderImpl",1,24
"sun.util.locale.provider.TimeZoneNameProviderImpl",1,24
"sun.util.locale.provider.TimeZoneNameUtility$TimeZoneNameGetter",1,16
"sun.util.logging.internal.LoggingProviderImpl",1,16
"sun.util.resources.Bundles$1",1,40
"sun.util.resources.LocaleData$LocaleDataStrategy",1,16
"sun.util.resources.TimeZoneNames",1,48
"sun.util.resources.TimeZoneNames_en",1,48
"sun.util.resources.cldr.CalendarData",1,40
"sun.util.resources.cldr.TimeZoneNames",1,48
"sun.util.resources.cldr.TimeZoneNames_en",1,48
"sun.util.resources.cldr.provider.CLDRLocaleDataMetaInfo",1,16
